"Id","Position","First Name","Last Name","FPPG","Played","Salary","Game","Team","Opponent","Injury Indicator","Injury Details","",""
"6498","QB","Tom","Brady","24.8","12","9300","NE@HOU","NE","HOU","","","",""
"31360","WR","Odell","Beckham Jr.","17.9","12","9300","NYG@MIA","NYG","MIA","","","",""
"11612","WR","Antonio","Brown","19.2","12","9300","PIT@CIN","PIT","CIN","","","",""
"14185","QB","Cam","Newton","24","12","9200","ATL@CAR","CAR","ATL","","","",""
"6894","QB","Aaron","Rodgers","20.8","12","8900","DAL@GB","GB","DAL","","","",""
"14190","WR","Julio","Jones","18.7","12","8800","ATL@CAR","ATL","CAR","","","",""
"16606","WR","DeAndre","Hopkins","18.5","12","8700","NE@HOU","HOU","NE","","","",""
"24920","RB","Devonta","Freeman","20.3","11","8700","ATL@CAR","ATL","CAR","","","",""
"22015","QB","Russell","Wilson","20.3","12","8500","SEA@BAL","SEA","BAL","","","",""
"14187","WR","A.J.","Green","14.9","12","8500","PIT@CIN","CIN","PIT","","","",""
"28643","WR","Allen","Robinson","17.2","12","8500","IND@JAC","JAC","IND","","","",""
"21939","QB","Andrew","Luck","20.1","7","8400","IND@JAC","IND","JAC","O","Abdomen","",""
"11460","TE","Rob","Gronkowski","16","11","8400","NE@HOU","NE","HOU","Q","Knee","",""
"6589","QB","Ben","Roethlisberger","20.3","8","8300","PIT@CIN","PIT","CIN","","","",""
"14225","QB","Andy","Dalton","20.8","12","8200","PIT@CIN","CIN","PIT","","","",""
"6759","WR","Brandon","Marshall","17","12","8200","TEN@NYJ","NYJ","TEN","","","",""
"21970","RB","Doug","Martin","14","12","8000","NO@TB","TB","NO","","","",""
"32384","WR","Mike","Evans","11.6","11","8000","NO@TB","TB","NO","","","",""
"6655","WR","Calvin","Johnson","14.3","12","7900","DET@STL","DET","STL","","","",""
"6504","QB","Drew","Brees","20.3","11","7900","NO@TB","NO","TB","","","",""
"30447","RB","Todd","Gurley","14","10","7900","DET@STL","STL","DET","","","",""
"6779","RB","LeSean","McCoy","14.6","10","7900","BUF@PHI","BUF","PHI","","","",""
"7659","QB","Ryan","Fitzpatrick","18.5","12","7800","TEN@NYJ","NYJ","TEN","","","",""
"6899","RB","Matt","Forte","14.9","9","7800","WAS@CHI","CHI","WAS","","","",""
"24849","QB","Jameis","Winston","18","12","7800","NO@TB","TB","NO","","","",""
"11432","WR","Demaryius","Thomas","12.7","12","7700","OAK@DEN","DEN","OAK","","","",""
"34308","QB","Blake","Bortles","20.5","12","7700","IND@JAC","JAC","IND","","","",""
"7968","QB","Philip","Rivers","19.1","12","7600","SD@KC","SD","KC","","","",""
"21980","WR","Alshon","Jeffery","14.9","7","7500","WAS@CHI","CHI","WAS","","","",""
"6654","QB","Matthew","Stafford","18.2","12","7500","DET@STL","DET","STL","","","",""
"29358","QB","Marcus","Mariota","19.4","10","7500","TEN@NYJ","TEN","NYJ","","","",""
"6826","QB","Eli","Manning","18.4","12","7500","NYG@MIA","NYG","MIA","","","",""
"14377","QB","Tyrod","Taylor","20","10","7500","BUF@PHI","BUF","PHI","","","",""
"11435","WR","Dez","Bryant","8.5","7","7400","DAL@GB","DAL","GB","","","",""
"24675","WR","Martavis","Bryant","17.3","7","7400","PIT@CIN","PIT","CIN","","","",""
"28095","RB","Thomas","Rawls","9.9","12","7400","SEA@BAL","SEA","BAL","","","",""
"14211","RB","Mark","Ingram","14.9","12","7300","NO@TB","NO","TB","","","",""
"11501","WR","Eric","Decker","14.1","11","7300","TEN@NYJ","NYJ","TEN","","","",""
"6732","RB","DeAngelo","Williams","12","12","7300","PIT@CIN","PIT","CIN","","","",""
"45859","QB","Derek","Carr","18.5","12","7200","OAK@DEN","OAK","DEN","","","",""
"24641","WR","Sammy","Watkins","12.9","9","7200","BUF@PHI","BUF","PHI","","","",""
"6733","RB","Jonathan","Stewart","11.6","12","7200","ATL@CAR","CAR","ATL","","","",""
"6616","QB","Matt","Ryan","16.2","12","7100","ATL@CAR","ATL","CAR","","","",""
"11864","RB","Christopher","Ivory","14.3","11","7100","TEN@NYJ","NYJ","TEN","","","",""
"29501","WR","Brandin","Cooks","13.1","12","7100","NO@TB","NO","TB","","","",""
"31394","WR","Jarvis","Landry","14.2","12","7100","NYG@MIA","MIA","NYG","","","",""
"11505","WR","Emmanuel","Sanders","11.7","11","7100","OAK@DEN","DEN","OAK","","","",""
"29645","RB","Javorius","Allen","7.3","12","7000","SEA@BAL","BAL","SEA","","","",""
"14257","WR","Randall","Cobb","11.5","12","7000","DAL@GB","GB","DAL","","","",""
"8117","WR","Danny","Amendola","9.7","11","7000","NE@HOU","NE","HOU","","","",""
"7872","QB","Brian","Hoyer","17.4","9","7000","NE@HOU","HOU","NE","","","",""
"22031","WR","T.Y.","Hilton","11.9","12","7000","IND@JAC","IND","JAC","","","",""
"22038","QB","Kirk","Cousins","16.1","12","7000","WAS@CHI","WAS","CHI","","","",""
"21994","QB","Brock","Osweiler","13.2","4","6900","OAK@DEN","DEN","OAK","","","",""
"21948","QB","Ryan","Tannehill","16.5","12","6900","NYG@MIA","MIA","NYG","","","",""
"7283","WR","Jeremy","Maclin","13.4","11","6900","SD@KC","KC","SD","","","",""
"31001","WR","Amari","Cooper","12.1","12","6900","OAK@DEN","OAK","DEN","","","",""
"8005","QB","Alex","Smith","17.6","12","6800","SD@KC","KC","SD","","","",""
"14626","WR","Doug","Baldwin","12.8","12","6800","SEA@BAL","SEA","BAL","","","",""
"7953","WR","Vincent","Jackson","10","9","6800","NO@TB","TB","NO","","","",""
"14254","RB","DeMarco","Murray","12.2","11","6700","BUF@PHI","PHI","BUF","","","",""
"9392","WR","Michael","Crabtree","12.6","12","6700","OAK@DEN","OAK","DEN","","","",""
"6898","QB","Jay","Cutler","15.8","11","6700","WAS@CHI","CHI","WAS","","","",""
"7806","RB","Darren","McFadden","10.6","12","6700","DAL@GB","DAL","GB","","","",""
"6739","WR","DeSean","Jackson","9","6","6700","WAS@CHI","WAS","CHI","","","",""
"25760","WR","Allen","Hurns","12.7","11","6600","IND@JAC","JAC","IND","P","Concussion","",""
"6914","TE","Greg","Olsen","13.1","12","6600","ATL@CAR","CAR","ATL","","","",""
"6831","QB","Matt","Hasselbeck","14.8","5","6600","IND@JAC","IND","JAC","Q","Neck","",""
"22037","RB","Lamar","Miller","13.5","12","6600","NYG@MIA","MIA","NYG","","","",""
"28473","RB","Carlos","Hyde","10.8","7","6500","SF@CLE","SF","CLE","Q","Foot","",""
"15006","RB","Shaun","Draughn","6","9","6500","SF@CLE","SF","CLE","","","",""
"22003","RB","Ronnie","Hillman","9","12","6400","OAK@DEN","DEN","OAK","","","",""
"14194","QB","Blaine","Gabbert","18.9","4","6400","SF@CLE","SF","CLE","","","",""
"32415","QB","Johnny","Manziel","9.7","6","6400","SF@CLE","CLE","SF","","","",""
"31397","RB","Jeremy","Hill","10.1","12","6400","PIT@CIN","CIN","PIT","","","",""
"31061","RB","T.J.","Yeldon","11.9","11","6400","IND@JAC","JAC","IND","","","",""
"11485","WR","Golden","Tate","9","12","6400","DET@STL","DET","STL","","","",""
"11495","WR","Brandon","LaFell","7.1","7","6400","NE@HOU","NE","HOU","","","",""
"11779","RB","LeGarrette","Blount","10.4","11","6300","NE@HOU","NE","HOU","","","",""
"45889","WR","Davante","Adams","6.7","9","6300","DAL@GB","GB","DAL","","","",""
"11414","QB","Sam","Bradford","14","10","6300","BUF@PHI","PHI","BUF","","","",""
"33557","TE","Tyler","Eifert","13.4","11","6300","PIT@CIN","CIN","PIT","Q","Neck","",""
"28930","RB","James","White","5.4","10","6300","NE@HOU","NE","HOU","","","",""
"6422","TE","Gary","Barnidge","12.8","12","6200","SF@CLE","CLE","SF","Q","Ankle","",""
"34331","RB","Latavius","Murray","12.1","12","6200","OAK@DEN","OAK","DEN","","","",""
"30968","RB","Eddie","Lacy","7.9","11","6200","DAL@GB","GB","DAL","","","",""
"22103","WR","Marvin","Jones","9.2","12","6200","PIT@CIN","CIN","PIT","","","",""
"7778","QB","Matt","Cassel","9.6","7","6200","DAL@GB","DAL","GB","","","",""
"31561","WR","Donte","Moncrief","9.9","12","6100","IND@JAC","IND","JAC","","","",""
"14288","WR","Torrey","Smith","7","12","6100","SF@CLE","SF","CLE","","","",""
"29500","WR","Markus","Wheaton","7.2","12","6100","PIT@CIN","PIT","CIN","","","",""
"30837","WR","Jordan","Matthews","9.9","12","6100","BUF@PHI","PHI","BUF","","","",""
"6840","RB","Frank","Gore","11.1","12","6100","IND@JAC","IND","JAC","","","",""
"6863","TE","Delanie","Walker","12.7","11","6100","TEN@NYJ","TEN","NYJ","","","",""
"33076","TE","Travis","Kelce","10.4","12","6000","SD@KC","KC","SD","","","",""
"6627","WR","Ted","Ginn Jr.","9.3","12","6000","ATL@CAR","CAR","ATL","","","",""
"22848","QB","Austin","Davis","7.2","2","6000","SF@CLE","CLE","SF","","","",""
"27405","QB","Landry","Jones","4.4","6","6000","PIT@CIN","PIT","CIN","","","",""
"26483","QB","Geno","Smith","21","1","6000","TEN@NYJ","NYJ","TEN","","","",""
"31421","QB","Zach","Mettenberger","3.9","4","6000","TEN@NYJ","TEN","NYJ","","","",""
"14905","WR","Kamar","Aiken","8.7","12","6000","SEA@BAL","BAL","SEA","","","",""
"6679","QB","Matt","Schaub","15.3","2","6000","SEA@BAL","BAL","SEA","Q","Shoulder","",""
"14344","QB","T.J.","Yates","10.6","2","6000","NE@HOU","HOU","NE","","","",""
"6479","WR","Anquan","Boldin","9.6","10","5900","SF@CLE","SF","CLE","","","",""
"33260","WR","DeVante","Parker","3.7","10","5900","NYG@MIA","MIA","NYG","","","",""
"22994","QB","Case","Keenum","2.7","2","5900","DET@STL","STL","DET","","","",""
"14317","TE","Julius","Thomas","8.7","8","5900","IND@JAC","JAC","IND","","","",""
"29249","RB","C.J.","Anderson","8.4","12","5900","OAK@DEN","DEN","OAK","Q","Ankle","",""
"30298","TE","Jordan","Reed","11.8","10","5900","WAS@CHI","WAS","CHI","","","",""
"22027","QB","Nick","Foles","9.5","11","5900","DET@STL","STL","DET","","","",""
"7645","WR","Steve","Johnson","9","10","5800","SD@KC","SD","KC","Q","Groin","",""
"54687","RB","Charcandrick","West","8.3","11","5800","SD@KC","KC","SD","","","",""
"10158","TE","Scott","Chandler","5.1","12","5800","NE@HOU","NE","HOU","","","",""
"31459","RB","Spencer","Ware","8.5","7","5800","SD@KC","KC","SD","","","",""
"26458","WR","Tavon","Austin","11","12","5800","DET@STL","STL","DET","","","",""
"6687","QB","Mark","Sanchez","12.3","3","5800","BUF@PHI","PHI","BUF","","","",""
"28080","WR","Devin","Funchess","4.8","12","5800","ATL@CAR","CAR","ATL","","","",""
"25290","RB","Giovani","Bernard","10.8","12","5700","PIT@CIN","CIN","PIT","","","",""
"44449","WR","Willie","Snead","9.6","11","5700","NO@TB","NO","TB","Q","Calf","",""
"7965","TE","Antonio","Gates","12.2","7","5700","SD@KC","SD","KC","","","",""
"31836","WR","Terrance","Williams","7.6","12","5700","DAL@GB","DAL","GB","","","",""
"22035","WR","Travis","Benjamin","11.8","12","5700","SF@CLE","CLE","SF","P","Shoulder","",""
"21999","WR","Rueben","Randle","8.2","12","5600","NYG@MIA","NYG","MIA","","","",""
"14307","WR","Cecil","Shorts","9.7","9","5600","NE@HOU","HOU","NE","","","",""
"29314","TE","Richard","Rodgers","8.9","12","5600","DAL@GB","GB","DAL","","","",""
"25837","RB","Duke","Johnson","8.5","12","5600","SF@CLE","CLE","SF","","","",""
"11609","RB","James","Starks","9.3","12","5600","DAL@GB","GB","DAL","","","",""
"27050","WR","Tyler","Lockett","7.5","12","5600","SEA@BAL","SEA","BAL","","","",""
"21941","QB","Robert","Griffin III","0","0","5500","WAS@CHI","WAS","CHI","","","",""
"6641","TE","Jason","Witten","7.9","12","5500","DAL@GB","DAL","GB","","","",""
"6618","WR","Roddy","White","4.6","12","5500","ATL@CAR","ATL","CAR","","","",""
"30108","WR","Marquess","Wilson","6","11","5500","WAS@CHI","CHI","WAS","Q","Foot","",""
"16923","TE","Austin","Seferian-Jenkins","11.3","3","5500","NO@TB","TB","NO","","","",""
"22219","WR","Jermaine","Kearse","6.3","12","5500","SEA@BAL","SEA","BAL","","","",""
"33465","RB","Theo","Riddick","9","12","5500","DET@STL","DET","STL","","","",""
"22113","RB","Alfred","Morris","5","12","5500","WAS@CHI","WAS","CHI","","","",""
"28677","QB","Matt","McGloin","5.3","2","5500","OAK@DEN","OAK","DEN","","","",""
"28202","RB","Jeremy","Langford","9.4","12","5400","WAS@CHI","CHI","WAS","","","",""
"6580","TE","Heath","Miller","6","11","5400","PIT@CIN","PIT","CIN","Q","Ribs","",""
"27229","RB","Ameer","Abdullah","6.1","12","5400","DET@STL","DET","STL","","","",""
"10030","WR","Harry","Douglas","4.6","10","5400","TEN@NYJ","TEN","NYJ","","","",""
"54741","WR","Seth","Roberts","6.4","12","5400","OAK@DEN","OAK","DEN","","","",""
"9421","RB","Danny","Woodhead","11.9","12","5400","SD@KC","SD","KC","","","",""
"7952","WR","Malcom","Floyd","6.5","11","5400","SD@KC","SD","KC","","","",""
"6808","QB","Matt","Moore","0.4","1","5400","NYG@MIA","MIA","NYG","","","",""
"22163","WR","Rishard","Matthews","10.2","11","5400","NYG@MIA","MIA","NYG","Q","Ribs","",""
"12531","D","Denver","Broncos","12.8","12","5400","OAK@DEN","DEN","OAK","","","",""
"6774","WR","Pierre","Garcon","8.4","12","5400","WAS@CHI","WAS","CHI","","","",""
"47828","RB","Antonio","Andrews","8.5","10","5300","TEN@NYJ","TEN","NYJ","","","",""
"7222","WR","James","Jones","10","12","5300","DAL@GB","GB","DAL","","","",""
"31406","RB","Alfred","Blue","6.6","12","5300","NE@HOU","HOU","NE","","","",""
"12550","D","Seattle","Seahawks","10.7","12","5300","SEA@BAL","SEA","BAL","","","",""
"24755","WR","Jamison","Crowder","6.4","12","5300","WAS@CHI","WAS","CHI","","","",""
"6809","WR","Brian","Hartline","6.6","11","5300","SF@CLE","CLE","SF","","","",""
"28900","RB","Melvin","Gordon","6.5","12","5300","SD@KC","SD","KC","","","",""
"7870","TE","Benjamin","Watson","9.4","12","5300","NO@TB","NO","TB","","","",""
"6688","WR","Jerricho","Cotchery","6.1","10","5300","ATL@CAR","CAR","ATL","","","",""
"21957","WR","Kendall","Wright","8.4","9","5200","TEN@NYJ","TEN","NYJ","","","",""
"6610","WR","Nate","Washington","9.2","10","5200","NE@HOU","HOU","NE","","","",""
"45723","TE","Crockett","Gillmore","8.2","10","5200","SEA@BAL","BAL","SEA","Q","Back","",""
"54684","RB","Isaiah","Crowell","6.3","12","5200","SF@CLE","CLE","SF","","","",""
"22288","WR","Cole","Beasley","6.1","12","5200","DAL@GB","DAL","GB","","","",""
"14645","WR","Dontrelle","Inman","4.6","11","5200","SD@KC","SD","KC","Q","Neck","",""
"22234","RB","Chris","Polk","4.9","11","5200","NE@HOU","HOU","NE","","","",""
"7919","QB","Kellen","Clemens","6.5","1","5200","SD@KC","SD","KC","","","",""
"6870","TE","Vernon","Davis","4.2","11","5200","OAK@DEN","DEN","OAK","Q","Concussion","",""
"6681","WR","Andre","Johnson","5.7","12","5200","IND@JAC","IND","JAC","","","",""
"6682","TE","Owen","Daniels","6.1","12","5200","OAK@DEN","DEN","OAK","","","",""
"6664","TE","Jacob","Tamme","7.6","11","5200","ATL@CAR","ATL","CAR","","","",""
"29685","WR","Robert","Woods","6.3","12","5100","BUF@PHI","BUF","PHI","","","",""
"6535","WR","Kenny","Britt","5.3","12","5100","DET@STL","STL","DET","","","",""
"22898","RB","Brandon","Bolden","3.2","11","5100","NE@HOU","NE","HOU","","","",""
"6645","WR","Marques","Colston","6.3","11","5100","NO@TB","NO","TB","","","",""
"14245","RB","Shane","Vereen","8","12","5100","NYG@MIA","NYG","MIA","","","",""
"6497","RB","Ahmad","Bradshaw","6.3","6","5100","IND@JAC","IND","JAC","IR","Wrist","",""
"30244","RB","Matt","Jones","8.3","11","5100","WAS@CHI","WAS","CHI","","","",""
"27776","RB","Tevin","Coleman","3.8","10","5100","ATL@CAR","ATL","CAR","","","",""
"7972","RB","Darren","Sproles","8.1","12","5100","BUF@PHI","PHI","BUF","","","",""
"27134","WR","Dorial","Green-Beckham","5.6","12","5100","TEN@NYJ","TEN","NYJ","","","",""
"6742","TE","Brent","Celek","5","12","5100","BUF@PHI","PHI","BUF","","","",""
"6724","K","Steven","Hauschka","8.9","12","5100","SEA@BAL","SEA","BAL","","","",""
"14358","WR","Dwayne","Harris","7.1","12","5100","NYG@MIA","NYG","MIA","","","",""
"22063","WR","Keshawn","Martin","5.2","5","5100","NE@HOU","NE","HOU","","","",""
"14362","TE","Charles","Clay","7.9","12","5100","BUF@PHI","BUF","PHI","","","",""
"8803","QB","Chase","Daniel","0.2","1","5000","SD@KC","KC","SD","","","",""
"26247","K","Brandon","McManus","8.8","12","5000","OAK@DEN","DEN","OAK","","","",""
"21959","QB","Brandon","Weeden","9.6","4","5000","NE@HOU","HOU","NE","","","",""
"43956","QB","David","Fales","0","0","5000","WAS@CHI","CHI","WAS","","","",""
"6448","TE","Martellus","Bennett","8","11","5000","WAS@CHI","CHI","WAS","IR","Ribs","",""
"26141","QB","Ryan","Nassib","0","0","5000","NYG@MIA","NYG","MIA","","","",""
"14292","TE","Jordan","Cameron","4.6","12","5000","NYG@MIA","MIA","NYG","","","",""
"29445","QB","Sean","Mannion","1.2","1","5000","DET@STL","STL","DET","","","",""
"27457","WR","Kenny","Stills","4.7","12","5000","NYG@MIA","MIA","NYG","","","",""
"6373","QB","Derek","Anderson","0.2","1","5000","ATL@CAR","CAR","ATL","","","",""
"25410","QB","Mike","Glennon","0","0","5000","NO@TB","TB","NO","","","",""
"54604","QB","Jimmy","Garoppolo","-0.1","4","5000","NE@HOU","NE","HOU","","","",""
"7053","QB","Matt","Flynn","0","0","5000","NO@TB","NO","TB","","","",""
"31047","QB","AJ","McCarron","0.2","3","5000","PIT@CIN","CIN","PIT","","","",""
"8071","QB","Dan","Orlovsky","5.5","2","5000","DET@STL","DET","STL","","","",""
"25813","WR","Phillip","Dorsett","3.8","7","5000","IND@JAC","IND","JAC","Q","Ankle","",""
"11466","QB","Jimmy","Clausen","3.6","2","5000","SEA@BAL","BAL","SEA","","","",""
"8118","QB","Michael","Vick","6.3","5","5000","PIT@CIN","PIT","CIN","","","",""
"24760","QB","Sean","Renfree","-0.4","1","5000","ATL@CAR","ATL","CAR","","","",""
"12553","D","Carolina","Panthers","10.9","12","5000","ATL@CAR","CAR","ATL","","","",""
"11500","QB","Colt","McCoy","0","1","5000","WAS@CHI","WAS","CHI","","","",""
"14696","QB","Scott","Tolzien","0","1","5000","DAL@GB","GB","DAL","","","",""
"8051","QB","Luke","McCown","1.6","8","5000","NO@TB","NO","TB","IR","Back","",""
"7970","QB","Charlie","Whitehurst","2","1","5000","IND@JAC","IND","JAC","","","",""
"6814","QB","Tarvaris","Jackson","-0.2","1","5000","SEA@BAL","SEA","BAL","","","",""
"31798","QB","Bryce","Petty","0","0","5000","TEN@NYJ","NYJ","TEN","","","",""
"7900","K","Stephen","Gostkowski","10.8","12","5000","NE@HOU","NE","HOU","","","",""
"11712","RB","Joique","Bell","5.9","9","5000","DET@STL","DET","STL","","","",""
"10647","K","Matt","Bryant","7.4","10","5000","ATL@CAR","ATL","CAR","Q","Quadriceps","",""
"7844","QB","Chad","Henne","0","0","5000","IND@JAC","JAC","IND","","","",""
"11761","QB","Thaddeus","Lewis","0","0","5000","BUF@PHI","PHI","BUF","","","",""
"24949","QB","E.J.","Manuel","10.3","4","5000","BUF@PHI","BUF","PHI","","","",""
"22128","QB","Ryan","Lindley","0","0","5000","NE@HOU","NE","HOU","","","",""
"22018","WR","Mohamed","Sanu","4.7","12","5000","PIT@CIN","CIN","PIT","","","",""
"11615","QB","Joe","Webb","0","12","5000","ATL@CAR","CAR","ATL","","","",""
"22047","TE","Ladarius","Green","8","10","5000","SD@KC","SD","KC","","","",""
"29780","TE","Zach","Ertz","6","11","5000","BUF@PHI","PHI","BUF","","","",""
"21971","TE","Coby","Fleener","6.1","12","4900","IND@JAC","IND","JAC","","","",""
"34073","TE","Ryan","Griffin","6.9","5","4900","NE@HOU","HOU","NE","","","",""
"25272","TE","Eric","Ebron","7.5","10","4900","DET@STL","DET","STL","","","",""
"22920","TE","Derek","Carrier","2.5","11","4900","WAS@CHI","WAS","CHI","Q","Achilles","",""
"11890","WR","Bryan","Walters","5.3","11","4900","IND@JAC","JAC","IND","","","",""
"54782","TE","Cameron","Brate","4.6","10","4900","NO@TB","TB","NO","","","",""
"12903","WR","Andrew","Hawkins","5.1","8","4900","SF@CLE","CLE","SF","Q","Concussion","",""
"30403","WR","Chris","Conley","2.6","12","4900","SD@KC","KC","SD","","","",""
"28502","WR","Devin","Smith","2.2","9","4900","TEN@NYJ","NYJ","TEN","","","",""
"32045","TE","Vance","McDonald","4","11","4900","SF@CLE","SF","CLE","Q","Concussion","",""
"14761","WR","Andre","Holmes","3.6","12","4900","OAK@DEN","OAK","DEN","","","",""
"39445","WR","Brice","Butler","3.1","4","4900","DAL@GB","DAL","GB","","","",""
"8050","TE","Zach","Miller","4.6","12","4900","WAS@CHI","CHI","WAS","","","",""
"21123","TE","Larry","Donnell","6.1","8","4900","NYG@MIA","NYG","MIA","Q","Neck","",""
"10744","K","Graham","Gano","10.8","12","4900","ATL@CAR","CAR","ATL","","","",""
"31871","RB","Charles","Sims","8.6","12","4900","NO@TB","TB","NO","","","",""
"7857","WR","Wes","Welker","2.9","4","4900","DET@STL","STL","DET","","","",""
"25886","WR","Devin","Street","1.4","12","4900","DAL@GB","DAL","GB","","","",""
"12541","D","New England","Patriots","7.6","12","4900","NE@HOU","NE","HOU","","","",""
"24907","RB","Karlos","Williams","11.2","8","4900","BUF@PHI","BUF","PHI","Q","Shoulder","",""
"12528","D","Cincinnati","Bengals","9.1","12","4900","PIT@CIN","CIN","PIT","","","",""
"11577","WR","Riley","Cooper","4","12","4900","BUF@PHI","PHI","BUF","","","",""
"24847","TE","Will","Tye","4.4","9","4900","NYG@MIA","NYG","MIA","","","",""
"6783","WR","Lance","Moore","6.1","11","4900","DET@STL","DET","STL","Q","Ankle","",""
"6636","K","Mike","Nugent","8.4","12","4800","PIT@CIN","CIN","PIT","","","",""
"26355","QB","Logan","Thomas","0","0","4800","NYG@MIA","MIA","NYG","","","",""
"14240","TE","Lance","Kendricks","3.5","11","4800","DET@STL","STL","DET","Q","Concussion","",""
"6522","K","Josh","Brown","9.8","12","4800","NYG@MIA","NYG","MIA","","","",""
"14320","RB","Bilal","Powell","8.3","8","4800","TEN@NYJ","NYJ","TEN","","","",""
"27266","WR","Quincy","Enunwa","3.2","8","4800","TEN@NYJ","NYJ","TEN","","","",""
"54753","WR","Taylor","Gabriel","3.5","10","4800","SF@CLE","CLE","SF","Q","Concussion","",""
"29340","WR","Josh","Huff","4.6","11","4800","BUF@PHI","PHI","BUF","","","",""
"54623","WR","Jeff","Janis","0.7","12","4800","DAL@GB","GB","DAL","","","",""
"32418","RB","Christine","Michael","1.2","5","4800","WAS@CHI","WAS","CHI","","","",""
"22754","TE","Garrett","Celek","4.2","11","4800","SF@CLE","SF","CLE","IR","Ankle","",""
"11419","RB","C.J.","Spiller","5.4","11","4800","NO@TB","NO","TB","","","",""
"32000","TE","Luke","Willson","2.9","11","4800","SEA@BAL","SEA","BAL","","","",""
"29084","WR","Rashad","Ross","1.8","9","4800","WAS@CHI","WAS","CHI","","","",""
"27771","WR","Cody","Latimer","1.4","11","4800","OAK@DEN","DEN","OAK","","","",""
"48344","WR","Albert","Wilson","4.6","10","4800","SD@KC","KC","SD","","","",""
"12544","D","New York","Jets","7.2","12","4800","TEN@NYJ","NYJ","TEN","","","",""
"11488","TE","Ed","Dickson","2.6","12","4800","ATL@CAR","CAR","ATL","","","",""
"14704","WR","Chris","Hogan","5.4","12","4800","BUF@PHI","BUF","PHI","","","",""
"24671","WR","Adam","Humphries","3.1","9","4800","NO@TB","TB","NO","","","",""
"8023","QB","Josh","Johnson","0","0","4800","BUF@PHI","BUF","PHI","","","",""
"8052","RB","Rashad","Jennings","7.1","12","4800","NYG@MIA","NYG","MIA","","","",""
"6910","K","Robbie","Gould","9.4","12","4800","WAS@CHI","CHI","WAS","","","",""
"29734","WR","Ty","Montgomery","5.8","6","4800","DAL@GB","GB","DAL","Q","Ankle","",""
"12536","D","Kansas City","Chiefs","9.9","12","4800","SD@KC","KC","SD","","","",""
"12533","D","Green Bay","Packers","7.1","12","4800","DAL@GB","GB","DAL","","","",""
"28088","RB","Denard","Robinson","2.4","9","4800","IND@JAC","JAC","IND","","","",""
"24891","RB","Chris","Thompson","6","11","4800","WAS@CHI","WAS","CHI","Q","Shoulder","",""
"29683","WR","Nelson","Agholor","2.5","9","4700","BUF@PHI","PHI","BUF","","","",""
"28486","WR","Corey (Philly)","Brown","5.4","10","4700","ATL@CAR","CAR","ATL","","","",""
"54674","WR","Jeremy","Butler","4.9","4","4700","SEA@BAL","BAL","SEA","","","",""
"32058","K","Chris","Boswell","10.5","8","4700","PIT@CIN","PIT","CIN","","","",""
"25775","TE","Clive","Walford","4","12","4700","OAK@DEN","OAK","DEN","","","",""
"11425","RB","Ryan","Mathews","10.4","9","4700","BUF@PHI","PHI","BUF","Q","Concussion","",""
"11504","WR","Andre","Roberts","2.8","9","4700","WAS@CHI","WAS","CHI","Q","Knee","",""
"33714","K","Cairo","Santos","10","12","4700","SD@KC","KC","SD","","","",""
"10354","RB","Marcel","Reece","4.7","12","4700","OAK@DEN","OAK","DEN","","","",""
"39512","RB","Kendall","Gaskins","1.1","5","4700","SF@CLE","SF","CLE","","","",""
"39492","TE","Josh","Hill","2.3","12","4700","NO@TB","NO","TB","","","",""
"9442","WR","Brandon","Tate","1.1","12","4700","PIT@CIN","CIN","PIT","","","",""
"28933","WR","Jared","Abbrederis","1.6","6","4700","DAL@GB","GB","DAL","","","",""
"6815","K","Shayne","Graham","10","2","4700","ATL@CAR","ATL","CAR","","","",""
"23045","K","Justin","Tucker","9.6","12","4700","SEA@BAL","BAL","SEA","","","",""
"6897","K","Mason","Crosby","8.3","12","4700","DAL@GB","GB","DAL","","","",""
"6896","WR","Greg","Jennings","2.1","12","4700","NYG@MIA","MIA","NYG","","","",""
"7761","TE","Jared","Cook","4.7","12","4700","DET@STL","STL","DET","","","",""
"22100","K","Randy","Bullock","7.3","7","4700","TEN@NYJ","NYJ","TEN","","","",""
"12532","D","Detroit","Lions","6.2","12","4700","DET@STL","DET","STL","","","",""
"7784","WR","Darrius","Heyward-Bey","3.7","12","4700","PIT@CIN","PIT","CIN","","","",""
"6702","K","Phil","Dawson","6.5","12","4700","SF@CLE","SF","CLE","","","",""
"24862","WR","Rashad","Greene","5.3","5","4700","IND@JAC","JAC","IND","Q","Shoulder","",""
"6768","WR","Eddie","Royal","6","6","4700","WAS@CHI","CHI","WAS","Q","Knee","",""
"11635","WR","Marc","Mariani","1.2","12","4700","WAS@CHI","CHI","WAS","","","",""
"22004","TE","Dwayne","Allen","2.3","10","4600","IND@JAC","IND","JAC","","","",""
"33037","WR","Kenbrell","Thompkins","3.6","4","4600","TEN@NYJ","NYJ","TEN","","","",""
"29593","WR","Marqise","Lee","2.1","6","4600","IND@JAC","JAC","IND","","","",""
"15176","K","Kai","Forbath","5.4","7","4600","NO@TB","NO","TB","","","",""
"6427","K","Connor","Barth","9.8","8","4600","NO@TB","TB","NO","","","",""
"22991","RB","Jonathan","Grimes","4.3","10","4600","NE@HOU","HOU","NE","","","",""
"46882","RB","Jay","Ajayi","4.9","5","4600","NYG@MIA","MIA","NYG","","","",""
"31261","RB","Tre","Mason","3.1","9","4600","DET@STL","STL","DET","","","",""
"27441","RB","Damien","Williams","1.6","12","4600","NYG@MIA","MIA","NYG","","","",""
"54694","TE","Justin","Perillo","2.8","7","4600","DAL@GB","GB","DAL","","","",""
"29357","RB","Kenjon","Barner","1.8","6","4600","BUF@PHI","PHI","BUF","","","",""
"39373","WR","Jaelen","Strong","3.2","6","4600","NE@HOU","HOU","NE","","","",""
"54607","RB","Terrance","West","2.2","4","4600","SEA@BAL","BAL","SEA","","","",""
"32429","K","Josh","Lambo","7.9","12","4600","SD@KC","SD","KC","","","",""
"30261","K","Caleb","Sturgis","7.6","9","4600","BUF@PHI","PHI","BUF","","","",""
"30297","TE","Trey","Burton","0.5","12","4600","BUF@PHI","PHI","BUF","","","",""
"24797","RB","Juwan","Thompson","0.7","11","4600","OAK@DEN","DEN","OAK","","","",""
"60745","K","Jason","Myers","8.2","12","4600","IND@JAC","JAC","IND","","","",""
"12545","D","Philadelphia","Eagles","9.6","12","4600","BUF@PHI","PHI","BUF","","","",""
"33703","WR","Ryan","Grant","3","12","4600","WAS@CHI","WAS","CHI","","","",""
"29003","RB","Ka'Deem","Carey","2.5","7","4600","WAS@CHI","CHI","WAS","","","",""
"7975","RB","Mike","Tolbert","4.9","12","4600","ATL@CAR","CAR","ATL","","","",""
"6810","K","Dan","Carpenter","7.3","12","4600","BUF@PHI","BUF","PHI","","","",""
"30807","TE","Mychal","Rivera","2.7","12","4600","OAK@DEN","OAK","DEN","","","",""
"26094","WR","Brandon","Coleman","4.2","12","4600","NO@TB","NO","TB","","","",""
"12526","D","Buffalo","Bills","6.4","12","4600","BUF@PHI","BUF","PHI","","","",""
"12543","D","New York","Giants","9.1","12","4600","NYG@MIA","NYG","MIA","","","",""
"12539","D","Miami","Dolphins","6.8","12","4600","NYG@MIA","MIA","NYG","","","",""
"12538","D","St Louis","Rams","8.4","12","4600","DET@STL","STL","DET","","","",""
"6668","K","Adam","Vinatieri","7.5","12","4600","IND@JAC","IND","JAC","","","",""
"22048","RB","Robert","Turbin","2.9","6","4600","DAL@GB","DAL","GB","","","",""
"28694","TE","Jesse","James","4.2","4","4600","PIT@CIN","PIT","CIN","","","",""
"28144","TE","Dion","Sims","1.8","9","4600","NYG@MIA","MIA","NYG","","","",""
"28157","WR","Bennie","Fowler","2","12","4600","OAK@DEN","DEN","OAK","","","",""
"7660","RB","Fred","Jackson","3.9","12","4500","SEA@BAL","SEA","BAL","","","",""
"6567","TE","David","Johnson","0","12","4500","SD@KC","SD","KC","","","",""
"21984","RB","Isaiah","Pead","-0.8","2","4500","PIT@CIN","PIT","CIN","","","",""
"21990","WR","Ryan","Broyles","0","0","4500","DET@STL","DET","STL","","","",""
"34125","WR","Geremy","Davis","0.3","10","4500","NYG@MIA","NYG","MIA","","","",""
"21972","WR","Brian","Quick","1.2","9","4500","DET@STL","STL","DET","","","",""
"44952","RB","Dri","Archer","0","8","4500","PIT@CIN","PIT","CIN","","","",""
"22800","RB","Derrick","Coleman","0.1","10","4500","SEA@BAL","SEA","BAL","","","",""
"26343","WR","Corey","Fuller","0.7","11","4500","DET@STL","DET","STL","","","",""
"34071","WR","Nick","Williams","3","10","4500","ATL@CAR","ATL","CAR","","","",""
"27199","RB","Marcus","Murphy","0.3","12","4500","NO@TB","NO","TB","","","",""
"6653","RB","Jerome","Felton","0.2","12","4500","BUF@PHI","BUF","PHI","","","",""
"30667","TE","Justice","Cunningham","0","2","4500","DET@STL","STL","DET","","","",""
"30709","WR","Bruce","Ellington","1","9","4500","SF@CLE","SF","CLE","","","",""
"22849","TE","Cory","Harkey","0.3","12","4500","DET@STL","STL","DET","","","",""
"28249","RB","David","Cobb","1.5","3","4500","TEN@NYJ","TEN","NYJ","","","",""
"6597","TE","Craig","Stevens","2.3","12","4500","TEN@NYJ","TEN","NYJ","","","",""
"33137","WR","Justin","Hardy","3.1","5","4500","ATL@CAR","ATL","CAR","","","",""
"6622","WR","Eric","Weems","0.1","12","4500","ATL@CAR","ATL","CAR","","","",""
"32632","WR","Bradley","Marquez","0.9","12","4500","DET@STL","STL","DET","","","",""
"22958","RB","Bobby","Rainey","0.4","12","4500","NO@TB","TB","NO","","","",""
"28346","TE","Maxx","Williams","3.2","10","4500","SEA@BAL","BAL","SEA","Q","Concussion","",""
"14268","RB","Stevan","Ridley","0.1","4","4500","TEN@NYJ","NYJ","TEN","","","",""
"47720","WR","Chandler","Worthy","1","3","4500","NE@HOU","HOU","NE","","","",""
"29540","RB","Terron","Ward","2.4","11","4500","ATL@CAR","ATL","CAR","","","",""
"22938","WR","Rod","Streater","1.3","1","4500","OAK@DEN","OAK","DEN","","","",""
"27338","RB","Rex","Burkhead","0.9","12","4500","PIT@CIN","CIN","PIT","","","",""
"14253","WR","Greg","Little","0","0","4500","PIT@CIN","CIN","PIT","","","",""
"34275","RB","Storm","Johnson","0","0","4500","IND@JAC","JAC","IND","","","",""
"14297","WR","Greg","Salas","0","0","4500","DET@STL","DET","STL","","","",""
"14302","WR","Kris","Durham","0","0","4500","OAK@DEN","OAK","DEN","","","",""
"14274","TE","Rob","Housler","0.2","6","4500","WAS@CHI","CHI","WAS","O","Hamstring","",""
"14277","WR","Vincent","Brown","0","0","4500","IND@JAC","IND","JAC","","","",""
"30591","WR","Ace","Sanders","0","0","4500","IND@JAC","JAC","IND","","","",""
"11870","WR","Seyi","Ajirotutu","0.1","11","4500","BUF@PHI","PHI","BUF","","","",""
"64160","WR","Arthur","Williams","0","0","4500","TEN@NYJ","NYJ","TEN","","","",""
"23003","TE","Phillip","Supernaw","0.1","12","4500","TEN@NYJ","TEN","NYJ","","","",""
"14304","TE","Luke","Stocker","0.5","10","4500","NO@TB","TB","NO","","","",""
"14305","RB","Roy","Helu","2.3","8","4500","OAK@DEN","OAK","DEN","","","",""
"14319","RB","Taiwan","Jones","3","8","4500","OAK@DEN","OAK","DEN","Q","Knee","",""
"6488","WR","Dwayne","Bowe","0.9","5","4500","SF@CLE","CLE","SF","","","",""
"10046","RB","Antone","Smith","0.2","5","4500","WAS@CHI","CHI","WAS","","","",""
"38269","RB","Cameron","Artis-Payne","0.8","4","4500","ATL@CAR","CAR","ATL","","","",""
"7394","TE","Brandon","Pettigrew","2.1","7","4500","DET@STL","DET","STL","","","",""
"30385","WR","Marlon","Brown","1.8","10","4500","SEA@BAL","BAL","SEA","Q","Back","",""
"26498","WR","Stedman","Bailey","3.8","8","4500","DET@STL","STL","DET","O","Head","",""
"31329","WR","Russell","Shepard","0.9","9","4500","NO@TB","TB","NO","","","",""
"37245","RB","Foswhitt","Whittaker","1","12","4500","ATL@CAR","CAR","ATL","","","",""
"6388","WR","Jason","Avant","1.2","12","4500","SD@KC","KC","SD","","","",""
"6387","WR","Miles","Austin","3.2","11","4500","BUF@PHI","PHI","BUF","","","",""
"39411","TE","Gavin","Escobar","1.2","12","4500","DAL@GB","DAL","GB","","","",""
"27445","WR","Jalen","Saunders","0","0","4500","WAS@CHI","CHI","WAS","","","",""
"31241","WR","Sammie","Coates","0.3","6","4500","PIT@CIN","PIT","CIN","","","",""
"15032","RB","Henry","Hynoski","0","0","4500","NYG@MIA","NYG","MIA","","","",""
"27403","TE","Blake","Bell","1.2","10","4500","SF@CLE","SF","CLE","","","",""
"29351","WR","De'Anthony","Thomas","3.6","10","4500","SD@KC","KC","SD","Q","Concussion","",""
"32410","RB","Trey","Williams","0","0","4500","NE@HOU","NE","HOU","","","",""
"12090","K","Nick","Novak","5.2","9","4500","NE@HOU","HOU","NE","","","",""
"47953","WR","Lucky","Whitehead","1","11","4500","DAL@GB","DAL","GB","","","",""
"30249","WR","Frankie","Hammond","0","5","4500","SD@KC","KC","SD","","","",""
"28545","RB","Rod","Smith","0.2","7","4500","DAL@GB","DAL","GB","","","",""
"7244","RB","John","Kuhn","0.9","12","4500","DAL@GB","GB","DAL","","","",""
"28562","TE","Jake","Stoneburner","2.7","7","4500","NYG@MIA","MIA","NYG","","","",""
"14952","K","Dan","Bailey","9","12","4500","DAL@GB","DAL","GB","","","",""
"30259","WR","Solomon","Patton","0","0","4500","OAK@DEN","DEN","OAK","","","",""
"22774","RB","Jonas","Gray","3.7","6","4500","NYG@MIA","MIA","NYG","","","",""
"22762","WR","Chris","Owusu","3.7","3","4500","TEN@NYJ","NYJ","TEN","IR","Concussion","",""
"29237","WR","Chris","Harper","-0.7","3","4500","NE@HOU","NE","HOU","","","",""
"31073","RB","Knile","Davis","1.5","10","4500","SD@KC","KC","SD","","","",""
"31093","WR","Javontee","Herndon","2.5","4","4500","SD@KC","SD","KC","","","",""
"14837","WR","Jeremy","Ross","1.1","7","4500","OAK@DEN","OAK","DEN","","","",""
"11454","RB","Dexter","McCluster","6.7","10","4500","TEN@NYJ","TEN","NYJ","Q","Knee","",""
"14815","WR","Joseph","Morgan","0","2","4500","SEA@BAL","BAL","SEA","","","",""
"62619","K","Andrew","Franks","4.7","12","4500","NYG@MIA","MIA","NYG","","","",""
"62617","TE","Khari","Lee","0.1","12","4500","WAS@CHI","CHI","WAS","","","",""
"11479","RB","Toby","Gerhart","1.2","7","4500","IND@JAC","JAC","IND","IR","Groin","",""
"25827","TE","Asante","Cleveland","0.3","2","4500","NE@HOU","NE","HOU","","","",""
"39678","TE","E.J.","Bibbs","0.4","3","4500","SF@CLE","CLE","SF","","","",""
"62680","WR","Donteea","Dye","1.8","6","4500","NO@TB","TB","NO","","","",""
"39649","RB","Benny","Cunningham","3.1","12","4500","DET@STL","STL","DET","","","",""
"39652","WR","Rico","Richardson","0","5","4500","TEN@NYJ","TEN","NYJ","","","",""
"12552","D","Washington","Redskins","8","12","4500","WAS@CHI","WAS","CHI","","","",""
"12556","D","Houston","Texans","6.9","12","4500","NE@HOU","HOU","NE","","","",""
"22447","WR","Griff","Whalen","2.7","12","4500","IND@JAC","IND","JAC","","","",""
"30012","WR","Kevin","Smith","0.9","3","4500","SEA@BAL","SEA","BAL","","","",""
"62508","TE","James","O'Shaughnessy","1.7","7","4500","SD@KC","KC","SD","IR","Foot","",""
"62510","TE","Nick","Boyle","2.4","11","4500","SEA@BAL","BAL","SEA","O","Suspension","",""
"29994","K","Travis","Coons","6.7","12","4500","SF@CLE","CLE","SF","","","",""
"29991","RB","Bishop","Sankey","3.8","10","4500","TEN@NYJ","TEN","NYJ","","","",""
"39428","RB","Kyle","Juszczyk","4.1","12","4500","SEA@BAL","BAL","SEA","","","",""
"39427","WR","Quinton","Patton","3.5","12","4500","SF@CLE","SF","CLE","","","",""
"22336","WR","Josh","Bellamy","2.4","12","4500","WAS@CHI","CHI","WAS","","","",""
"6951","TE","James","Casey","0","3","4500","OAK@DEN","DEN","OAK","","","",""
"33691","RB","Orleans","Darkwa","1.7","12","4500","NYG@MIA","NYG","MIA","","","",""
"25654","RB","Tommy","Bohanon","0.6","12","4500","TEN@NYJ","NYJ","TEN","","","",""
"31188","TE","Chris","Gragg","1.6","9","4500","BUF@PHI","BUF","PHI","","","",""
"14683","RB","Patrick","DiMarco","2.2","12","4500","ATL@CAR","ATL","CAR","","","",""
"25694","RB","Andre","Williams","2.5","12","4500","NYG@MIA","NYG","MIA","","","",""
"7001","TE","Kellen","Davis","0.7","12","4500","TEN@NYJ","NYJ","TEN","","","",""
"62535","WR","Tyrell","Williams","0","3","4500","SD@KC","SD","KC","","","",""
"62534","TE","Brian","Parker","0.2","5","4500","SD@KC","KC","SD","","","",""
"31109","K","Zach","Hocker","5.6","8","4500","DET@STL","STL","DET","Q","Quadriceps","",""
"11648","TE","Jim","Dray","0.6","12","4500","SF@CLE","CLE","SF","","","",""
"27908","TE","C.J.","Fiedorowicz","2.1","12","4500","NE@HOU","HOU","NE","","","",""
"10695","RB","Darrel","Young","0.3","12","4500","WAS@CHI","WAS","CHI","","","",""
"11671","RB","Erik","Lorig","0","0","4500","NO@TB","NO","TB","","","",""
"23046","RB","Jamize","Olawale","2.8","10","4500","OAK@DEN","OAK","DEN","","","",""
"22235","RB","Jeremy","Stewart","0","0","4500","OAK@DEN","DEN","OAK","","","",""
"26038","TE","Tyler","Kroft","0.3","12","4500","PIT@CIN","CIN","PIT","","","",""
"6828","RB","Tim","Hightower","1.2","4","4500","NO@TB","NO","TB","","","",""
"22258","RB","Travaris","Cadet","0.8","3","4500","SF@CLE","SF","CLE","","","",""
"39859","TE","Jack","Doyle","1.4","12","4500","IND@JAC","IND","JAC","","","",""
"6823","TE","John","Phillips","1.4","12","4500","SD@KC","SD","KC","","","",""
"7918","TE","Matthew","Mulligan","0.1","12","4500","BUF@PHI","BUF","PHI","","","",""
"7831","K","Sebastian","Janikowski","7.6","12","4500","OAK@DEN","OAK","DEN","","","",""
"26074","TE","Tim","Wright","2.8","6","4500","DET@STL","DET","STL","","","",""
"11723","WR","Marlon","Moore","1","11","4500","SF@CLE","CLE","SF","Q","Ribs","",""
"6904","WR","Devin","Hester","0","1","4500","ATL@CAR","ATL","CAR","","","",""
"22177","WR","Junior","Hemingway","0","0","4500","SD@KC","KC","SD","","","",""
"7856","WR","Matthew","Slater","0","12","4500","NE@HOU","NE","HOU","","","",""
"11766","TE","Jeff","Cumberland","0.9","11","4500","TEN@NYJ","NYJ","TEN","","","",""
"6884","WR","Hakeem","Nicks","1.1","2","4500","NYG@MIA","NYG","MIA","","","",""
"24912","K","Dustin","Hopkins","8.8","11","4500","WAS@CHI","WAS","CHI","","","",""
"12527","D","Chicago","Bears","5.7","12","4500","WAS@CHI","CHI","WAS","","","",""
"6672","TE","Marcedes","Lewis","1.6","12","4500","IND@JAC","JAC","IND","","","",""
"11522","WR","Marcus","Easley","1.2","10","4500","BUF@PHI","BUF","PHI","","","",""
"6660","RB","Donald","Brown","1.3","6","4500","SD@KC","SD","KC","","","",""
"22109","K","Greg","Zuerlein","7","10","4500","DET@STL","STL","DET","Q","Groin","",""
"11538","TE","Garrett","Graham","1.4","8","4500","NE@HOU","HOU","NE","","","",""
"11543","TE","Clay","Harbor","1.9","11","4500","IND@JAC","JAC","IND","","","",""
"22123","TE","James","Hanna","0.4","10","4500","DAL@GB","DAL","GB","","","",""
"44090","RB","Alonzo","Harris","0.3","6","4500","DAL@GB","GB","DAL","","","",""
"28744","RB","Raheem","Mostert","0","7","4500","SEA@BAL","BAL","SEA","","","",""
"11556","TE","Michael","Hoomanawanui","2","10","4500","NO@TB","NO","TB","","","",""
"11557","RB","John","Conner","0","0","4500","BUF@PHI","BUF","PHI","","","",""
"14406","RB","Bruce","Miller","1.4","12","4500","SF@CLE","SF","CLE","","","",""
"29725","TE","Levine","Toilolo","0.7","12","4500","ATL@CAR","ATL","CAR","","","",""
"22130","RB","Dan","Herron","1.9","6","4500","IND@JAC","IND","JAC","","","",""
"29805","RB","Ryan","Hewitt","0.9","12","4500","PIT@CIN","CIN","PIT","","","",""
"22029","RB","Bernard","Pierce","0.5","7","4500","IND@JAC","JAC","IND","IR","Calf","",""
"11594","RB","Anthony","Dixon","1.3","12","4500","BUF@PHI","BUF","PHI","","","",""
"14394","TE","Virgil","Green","2.2","12","4500","OAK@DEN","DEN","OAK","","","",""
"7703","WR","Jerome","Simpson","1.6","3","4500","SF@CLE","SF","CLE","","","",""
"14369","RB","Jordan","Todman","0.2","11","4500","PIT@CIN","PIT","CIN","","","",""
"22034","WR","Chris","Givens","4.1","11","4500","SEA@BAL","BAL","SEA","","","",""
"28131","WR","Keith","Mumphery","1.7","12","4500","NE@HOU","HOU","NE","","","",""
"10531","WR","Jordan","Norwood","2.1","7","4500","OAK@DEN","DEN","OAK","","","",""
"11622","WR","Trindon","Holliday","0","0","4500","OAK@DEN","OAK","DEN","","","",""
"6778","TE","Anthony","Fasano","3.9","12","4500","TEN@NYJ","TEN","NYJ","","","",""
"6782","K","Matt","Prater","7.4","12","4500","DET@STL","DET","STL","","","",""
"14338","WR","Denarius","Moore","-0.3","6","4500","BUF@PHI","BUF","PHI","","","",""
"6753","WR","Andre","Caldwell","2","12","4500","OAK@DEN","DEN","OAK","","","",""
"7722","WR","Kevin","Ogletree","0","0","4500","NYG@MIA","NYG","MIA","","","",""
"6767","K","Ryan","Succop","5.7","12","4500","TEN@NYJ","TEN","NYJ","","","",""
"14349","WR","Jeremy","Kerley","2.9","12","4500","TEN@NYJ","NYJ","TEN","Q","Head","",""
"14348","TE","Lee","Smith","1.5","11","4500","OAK@DEN","OAK","DEN","","","",""
"12547","D","Pittsburgh","Steelers","8.8","12","4400","PIT@CIN","PIT","CIN","","","",""
"12549","D","San Francisco","49ers","4.5","12","4300","SF@CLE","SF","CLE","","","",""
"12551","D","Tampa Bay","Buccaneers","8","12","4300","NO@TB","TB","NO","","","",""
"12554","D","Jacksonville","Jaguars","5.8","12","4300","IND@JAC","JAC","IND","","","",""
"12525","D","Atlanta","Falcons","6.6","12","4300","ATL@CAR","ATL","CAR","","","",""
"12537","D","Oakland","Raiders","6","12","4300","OAK@DEN","OAK","DEN","","","",""
"12535","D","Indianapolis","Colts","6.6","12","4300","IND@JAC","IND","JAC","","","",""
"12529","D","Cleveland","Browns","5.3","12","4300","SF@CLE","CLE","SF","","","",""
"12534","D","Tennessee","Titans","6.8","12","4200","TEN@NYJ","TEN","NYJ","","","",""
"12548","D","San Diego","Chargers","4.2","12","4100","SD@KC","SD","KC","","","",""
"12555","D","Baltimore","Ravens","7.3","12","4100","SEA@BAL","BAL","SEA","","","",""
"12542","D","New Orleans","Saints","5.4","12","4000","NO@TB","NO","TB","","","",""
"12530","D","Dallas","Cowboys","5.7","12","4000","DAL@GB","DAL","GB","","","",""