Name	Projection	Id	Position	First Name	Last Name	FPPG	Played	Salary	Game	Team	Opponent	Location	Injury Indicator	Injury Details
Devonta Freeman	28.71030039	24920	RB	Devonta	Freeman	20.8	10	9000	ATL@TB	ATL	TAM	TAM	P	Concussion
Tom Brady	25.46972854	6498	QB	Tom	Brady	23.9	11	9400	PHI@NE	NWE	PHI	NWE		
Cam Newton	25.45581094	14185	QB	Cam	Newton	22.8	11	9000	CAR@NO	CAR	NOR	NOR		
Antonio Brown	24.17393646	11612	WR	Antonio	Brown	17.9	11	9000	IND@PIT	PIT	IND	PIT		
Jameis Winston	23.0418321	24849	QB	Jameis	Winston	17.9	11	7200	ATL@TB	TAM	ATL	TAM		
Matt Cassel	22.56026997	7778	QB	Matt	Cassel	9.8	6	6200	DAL@WAS	DAL	WAS	WAS		
Doug Martin	21.91430855	21970	RB	Doug	Martin	14	11	7600	ATL@TB	TAM	ATL	TAM		
Todd Gurley	21.43769511	30447	RB	Todd	Gurley	15.1	9	8400	ARI@STL	STL	ARI	STL		
Tyrod Taylor	21.03810086	14377	QB	Tyrod	Taylor	18.9	9	7400	HOU@BUF	BUF	HOU	BUF	P	Shoulder
Ben Roethlisberger	20.95711385	6589	QB	Ben	Roethlisberger	18.6	7	8100	IND@PIT	PIT	IND	PIT	P	Concussion
Kirk Cousins	20.71319502	22038	QB	Kirk	Cousins	16.3	11	6600	DAL@WAS	WAS	DAL	WAS		
Russell Wilson	20.69392219	22015	QB	Russell	Wilson	19.1	11	7800	SEA@MIN	SEA	MIN	MIN		
Austin Seferian-Jenkins	20.64097739	16923	TE	Austin	Seferian-Jenkins	14.7	2	5000	ATL@TB	TAM	ATL	TAM	Q	Shoulder
Brandon Marshall	20.50167186	6759	WR	Brandon	Marshall	16.2	11	8100	NYJ@NYG	NYJ	NYG	NYG	P	Toe
Marcus Mariota	20.35433278	29358	QB	Marcus	Mariota	17.5	9	7100	JAC@TEN	TEN	JAX	TEN		
Ryan Tannehill	20.31567389	21948	QB	Ryan	Tannehill	17.2	11	7300	BAL@MIA	MIA	BAL	MIA		
Ryan Fitzpatrick	20.30219176	7659	QB	Ryan	Fitzpatrick	17.9	11	7500	NYJ@NYG	NYJ	NYG	NYG	P	Thumb
Drew Brees	19.81169685	6504	QB	Drew	Brees	20	10	7700	CAR@NO	NOR	CAR	NOR		
Matt Ryan	19.01520014	6616	QB	Matt	Ryan	16.4	11	7400	ATL@TB	ATL	TAM	TAM		
DeMarco Murray	18.73910913	14254	RB	DeMarco	Murray	13.2	10	7400	PHI@NE	PHI	NWE	NWE		
Andy Dalton	18.72971626	14225	QB	Andy	Dalton	20.5	11	8000	CIN@CLE	CIN	CLE	CLE		
Adrian Peterson	18.71512868	6703	RB	Adrian	Peterson	17.3	11	9100	SEA@MIN	MIN	SEA	MIN		
Carson Palmer	18.56749984	6748	QB	Carson	Palmer	21.5	11	7900	ARI@STL	ARI	STL	STL		
Danny Woodhead	18.20665342	9421	RB	Danny	Woodhead	12.5	11	5700	DEN@SD	SDG	DEN	SDG		
Sammy Watkins	18.0056415	24641	WR	Sammy	Watkins	12.3	8	7000	HOU@BUF	BUF	HOU	BUF		
Brian Hoyer	17.96506164	7872	QB	Brian	Hoyer	16.5	8	7000	HOU@BUF	HOU	BUF	BUF		
Philip Rivers	17.86366255	7968	QB	Philip	Rivers	20.2	11	7600	DEN@SD	SDG	DEN	SDG	P	Foot
Brandon McManus	17.50341894	26247	K	Brandon	McManus	9.2	11	4800	DEN@SD	DEN	SDG	SDG		
Julio Jones	17.48396849	14190	WR	Julio	Jones	19.2	11	9200	ATL@TB	ATL	TAM	TAM		
Eric Decker	17.41810071	11501	WR	Eric	Decker	14.2	10	7200	NYJ@NYG	NYJ	NYG	NYG	P	Knee
Blaine Gabbert	17.38836118	14194	QB	Blaine	Gabbert	16.7	3	6300	SF@CHI	SFO	CHI	CHI		
Blake Bortles	17.31179037	34308	QB	Blake	Bortles	19.4	11	7400	JAC@TEN	JAX	TEN	TEN		
Alex Smith	17.24002073	8005	QB	Alex	Smith	17.1	11	6600	KC@OAK	KAN	OAK	OAK		
Jay Cutler	17.05565033	6898	QB	Jay	Cutler	16.6	10	7000	SF@CHI	CHI	SFO	CHI	P	Illness
Brandin Cooks	16.7704973	29501	WR	Brandin	Cooks	12.5	11	7100	CAR@NO	NOR	CAR	NOR		
Matt Hasselbeck	16.129606	6831	QB	Matt	Hasselbeck	16.8	4	6500	IND@PIT	IND	PIT	PIT		
Mark Ingram	16.09134454	14211	RB	Mark	Ingram	14.6	11	7200	CAR@NO	NOR	CAR	NOR	P	Shoulder
Blair Walsh	15.98866975	22110	K	Blair	Walsh	9.1	11	4800	SEA@MIN	MIN	SEA	MIN		
Michael Crabtree	15.98014341	9392	WR	Michael	Crabtree	12.5	11	6600	KC@OAK	OAK	KAN	OAK		
Eli Manning	15.60210706	6826	QB	Eli	Manning	18.7	11	7600	NYJ@NYG	NYG	NYJ	NYG		
Travis Kelce	15.47480034	33076	TE	Travis	Kelce	10.9	11	6200	KC@OAK	KAN	OAK	OAK	P	Groin
Willie Snead	14.807578	44449	WR	Willie	Snead	9.6	11	6100	CAR@NO	NOR	CAR	NOR	D	Calf
DeAndre Hopkins	14.58068958	16606	WR	DeAndre	Hopkins	18.6	11	8900	HOU@BUF	HOU	BUF	BUF	P	Hamstring
Crockett Gillmore	14.45972212	45723	TE	Crockett	Gillmore	8.9	9	5600	BAL@MIA	BAL	MIA	MIA		
Jeremy Langford	14.37853853	28202	RB	Jeremy	Langford	9.5	11	6400	SF@CHI	CHI	SFO	CHI		
Jaelen Strong	14.16471917	39373	WR	Jaelen	Strong	3.9	5	4600	HOU@BUF	HOU	BUF	BUF		
Mike Evans	14.06455751	32384	WR	Mike	Evans	11.3	10	7900	ATL@TB	TAM	ATL	TAM		
Jarvis Landry	13.90735045	31394	WR	Jarvis	Landry	15.3	11	7400	BAL@MIA	MIA	BAL	MIA	P	Knee
T.Y. Hilton	13.8466413	22031	WR	T.Y.	Hilton	12.5	11	7300	IND@PIT	IND	PIT	PIT		
Derek Carr	13.75996606	45859	QB	Derek	Carr	18.7	11	7700	KC@OAK	OAK	KAN	OAK		
Alshon Jeffery	13.7278008	21980	WR	Alshon	Jeffery	15.7	6	7700	SF@CHI	CHI	SFO	CHI		
Seth Roberts	13.72031679	54741	WR	Seth	Roberts	6.3	11	5400	KC@OAK	OAK	KAN	OAK		
Larry Fitzgerald	13.67855761	6883	WR	Larry	Fitzgerald	16.2	11	7300	ARI@STL	ARI	STL	STL	P	Ankle
Teddy Bridgewater	13.62597167	33259	QB	Teddy	Bridgewater	12.9	11	6100	SEA@MIN	MIN	SEA	MIN		
Christopher Ivory	13.59149226	11864	RB	Christopher	Ivory	15	10	7100	NYJ@NYG	NYJ	NYG	NYG		
Matt Forte	13.53953011	6899	RB	Matt	Forte	14.1	8	7600	SF@CHI	CHI	SFO	CHI		
LeSean McCoy	13.43638925	6779	RB	LeSean	McCoy	14.9	9	7800	HOU@BUF	BUF	HOU	BUF		
Amari Cooper	13.41130202	31001	WR	Amari	Cooper	12.4	11	7000	KC@OAK	OAK	KAN	OAK		
Allen Robinson	13.38778358	28643	WR	Allen	Robinson	15.3	11	8000	JAC@TEN	JAX	TEN	TEN		
Delanie Walker	13.32305662	6863	TE	Delanie	Walker	12	10	6000	JAC@TEN	TEN	JAX	TEN		
Giovani Bernard	13.30355361	25290	RB	Giovani	Bernard	11.4	11	6200	CIN@CLE	CIN	CLE	CLE		
Doug Baldwin	13.21845454	14626	WR	Doug	Baldwin	11.8	11	6200	SEA@MIN	SEA	MIN	MIN		
Spencer Ware	12.95405333	31459	RB	Spencer	Ware	8.3	6	6500	KC@OAK	KAN	OAK	OAK	P	Hamstring
Martavis Bryant	12.88497332	24675	WR	Martavis	Bryant	16.9	6	6900	IND@PIT	PIT	IND	PIT	P	Hip
Stephen Gostkowski	12.77069412	7900	K	Stephen	Gostkowski	11.5	11	5100	PHI@NE	NWE	PHI	NWE		
Emmanuel Sanders	12.7288658	11505	WR	Emmanuel	Sanders	12.5	10	7300	DEN@SD	DEN	SDG	SDG	P	Ankle
Steven Hauschka	12.61158602	6724	K	Steven	Hauschka	9	11	4900	SEA@MIN	SEA	MIN	MIN		
ARI Defense	12.6113713	12546	DEF	Arizona	Cardinals	9.3	11	5400	ARI@STL	ARI	STL	STL		
T.J. Yeldon	12.33972236	31061	RB	T.J.	Yeldon	11	10	6100	JAC@TEN	JAX	TEN	TEN		
A.J. Green	12.21030637	14187	WR	A.J.	Green	14.3	11	8400	CIN@CLE	CIN	CLE	CLE		
Tavon Austin	12.19131762	26458	WR	Tavon	Austin	11.6	11	6100	ARI@STL	STL	ARI	STL		
John Brown	12.09048284	54606	WR	John	Brown	11.7	10	6000	ARI@STL	ARI	STL	STL	P	Hamstring
Lamar Miller	12.09027316	22037	RB	Lamar	Miller	13.8	11	6700	BAL@MIA	MIA	BAL	MIA		
Travis Benjamin	12.05078337	22035	WR	Travis	Benjamin	12.9	11	5900	CIN@CLE	CLE	CIN	CLE		
Brock Osweiler	12.00745467	21994	QB	Brock	Osweiler	14.4	3	6900	DEN@SD	DEN	SDG	SDG	P	Quadriceps
Stefon Diggs	11.90548853	25079	WR	Stefon	Diggs	11.8	8	6200	SEA@MIN	MIN	SEA	MIN		
Latavius Murray	11.76557128	34331	RB	Latavius	Murray	11.6	11	6400	KC@OAK	OAK	KAN	OAK		
Jordan Matthews	11.75497011	30837	WR	Jordan	Matthews	9.8	11	6200	PHI@NE	PHI	NWE	NWE		
Demaryius Thomas	11.57533522	11432	WR	Demaryius	Thomas	12.5	11	7600	DEN@SD	DEN	SDG	SDG		
Gary Barnidge	11.27768434	6422	TE	Gary	Barnidge	13.2	11	6100	CIN@CLE	CLE	CIN	CLE		
Julius Thomas	11.25295301	14317	TE	Julius	Thomas	8.7	7	5800	JAC@TEN	JAX	TEN	TEN		
Dez Bryant	11.05335365	11435	WR	Dez	Bryant	8.6	6	7200	DAL@WAS	DAL	WAS	WAS	P	Foot
Shane Vereen	11.03637631	14245	RB	Shane	Vereen	8.4	11	5400	NYJ@NYG	NYG	NYJ	NYG		
Nick Foles	11.03541112	22027	QB	Nick	Foles	9.9	10	5900	ARI@STL	STL	ARI	STL		
Sebastian Janikowski	10.92720521	7831	K	Sebastian	Janikowski	8.1	11	4600	KC@OAK	OAK	KAN	OAK		
Josh Brown	10.92400985	6522	K	Josh	Brown	10	11	4900	NYJ@NYG	NYG	NYJ	NYG		
Rashad Jennings	10.89555597	8052	RB	Rashad	Jennings	7.4	11	5100	NYJ@NYG	NYG	NYJ	NYG		
Anquan Boldin	10.80270952	6479	WR	Anquan	Boldin	10	9	6000	SF@CHI	SFO	CHI	CHI	P	Hamstring
David Johnson	10.74703238	62497	RB	David	Johnson	8.5	11	5900	ARI@STL	ARI	STL	STL		
David Johnson	10.74703238	6567	TE	David	Johnson	0	11	4500	DEN@SD	SDG	DEN	SDG		
Jordan Reed	10.73026035	30298	TE	Jordan	Reed	12.6	9	5900	DAL@WAS	WAS	DAL	WAS		
Donte Moncrief	10.6287919	31561	WR	Donte	Moncrief	10.4	11	6400	IND@PIT	IND	PIT	PIT		
Odell Beckham Jr.	10.62321281	31360	WR	Odell	Beckham Jr.	17.3	11	9400	NYJ@NYG	NYG	NYJ	NYG		
DEN Defense	10.5774524	12531	DEF	Denver	Broncos	11.9	11	5300	DEN@SD	DEN	SDG	SDG		
Austin Davis	10.30738648	22848	QB	Austin	Davis	7.8	1	5400	CIN@CLE	CLE	CIN	CLE		
NE Defense	10.13713209	12541	DEF	New England	Patriots	7.9	11	4800	PHI@NE	NWE	PHI	NWE		
Dan Carpenter	10.12222303	6810	K	Dan	Carpenter	7.4	11	4500	HOU@BUF	BUF	HOU	BUF		
Jeremy Maclin	10.0868905	7283	WR	Jeremy	Maclin	12.4	10	6500	KC@OAK	KAN	OAK	OAK		
Darren Fells	10.07183677	38301	TE	Darren	Fells	4.8	9	4800	ARI@STL	ARI	STL	STL		
Dustin Hopkins	10.04076037	24912	K	Dustin	Hopkins	8.5	10	4500	DAL@WAS	WAS	DAL	WAS		
Ladarius Green	10.01000024	22047	TE	Ladarius	Green	8.5	9	5000	DEN@SD	SDG	DEN	SDG	P	Ankle
Matt Schaub	10.00639927	6679	QB	Matt	Schaub	16.3	1	6200	BAL@MIA	BAL	MIA	MIA		
Cecil Shorts	9.986672202	14307	WR	Cecil	Shorts	9.4	8	5800	HOU@BUF	HOU	BUF	BUF		
Danny Amendola	9.952559196	8117	WR	Danny	Amendola	9	10	6700	PHI@NE	NWE	PHI	NWE	Q	Knee
Connor Barth	9.935286459	6427	K	Connor	Barth	10.4	7	4700	ATL@TB	TAM	ATL	TAM		
Graham Gano	9.899462965	10744	K	Graham	Gano	11.3	11	5000	CAR@NO	CAR	NOR	NOR		
Sam Bradford	9.860601221	11414	QB	Sam	Bradford	14.1	9	6400	PHI@NE	PHI	NWE	NWE	P	Shoulder
Benjamin Watson	9.813703539	7870	TE	Benjamin	Watson	9.2	11	5300	CAR@NO	NOR	CAR	NOR		
Antonio Andrews	9.805594113	47828	RB	Antonio	Andrews	8	9	5600	JAC@TEN	TEN	JAX	TEN		
Caleb Sturgis	9.75244418	30261	K	Caleb	Sturgis	7.9	8	4600	PHI@NE	PHI	NWE	NWE		
Thomas Rawls	9.680667397	28095	RB	Thomas	Rawls	9.2	11	7000	SEA@MIN	SEA	MIN	MIN		
Steve Johnson	9.648987113	7645	WR	Steve	Johnson	10	9	6200	DEN@SD	SDG	DEN	SDG		
Antonio Gates	9.621446405	7965	TE	Antonio	Gates	12.9	6	5900	DEN@SD	SDG	DEN	SDG		
OAK Defense	9.484739842	12537	DEF	Oakland	Raiders	5.9	11	4400	KC@OAK	OAK	KAN	OAK		
Justin Tucker	9.469462693	23045	K	Justin	Tucker	9.8	11	4900	BAL@MIA	BAL	MIA	MIA		
NYG Defense	9.394024982	12543	DEF	New York	Giants	8.9	11	4500	NYJ@NYG	NYG	NYJ	NYG		
Jonathan Stewart	9.277194219	6733	RB	Jonathan	Stewart	11.1	11	7200	CAR@NO	CAR	NOR	NOR		
Robbie Gould	9.274975574	6910	K	Robbie	Gould	9.3	11	4600	SF@CHI	CHI	SFO	CHI		
HOU Defense	9.236617661	12556	DEF	Houston	Texans	7.5	11	4900	HOU@BUF	HOU	BUF	BUF		
Michael Floyd	9.220613488	21952	WR	Michael	Floyd	8.9	10	5900	ARI@STL	ARI	STL	STL	Q	Hamstring
Darren McFadden	9.220480184	7806	RB	Darren	McFadden	10.8	11	7300	DAL@WAS	DAL	WAS	WAS		
Terrance Williams	9.203618095	31836	WR	Terrance	Williams	7.6	11	5900	DAL@WAS	DAL	WAS	WAS		
Kendall Wright	9.174159391	21957	WR	Kendall	Wright	8.9	8	5200	JAC@TEN	TEN	JAX	TEN		
Rueben Randle	9.120101968	21999	WR	Rueben	Randle	8.6	11	5800	NYJ@NYG	NYG	NYJ	NYG		
NO Defense	9.101844968	12542	DEF	New Orleans	Saints	4.7	11	4000	CAR@NO	NOR	CAR	NOR		
Marques Colston	8.942321679	6645	WR	Marques	Colston	6.7	10	5100	CAR@NO	NOR	CAR	NOR	P	Not injury related
Jermaine Kearse	8.907494884	22219	WR	Jermaine	Kearse	6.9	11	5600	SEA@MIN	SEA	MIN	MIN		
LeGarrette Blount	8.894074059	11779	RB	LeGarrette	Blount	10.9	10	6900	PHI@NE	NWE	PHI	NWE		
Cairo Santos	8.875452746	33714	K	Cairo	Santos	10.7	11	4800	KC@OAK	KAN	OAK	OAK		
KC Defense	8.863845271	12536	DEF	Kansas City	Chiefs	9.3	11	4700	KC@OAK	KAN	OAK	OAK		
Ted Ginn Jr.	8.862287368	6627	WR	Ted	Ginn Jr.	8.1	11	5800	CAR@NO	CAR	NOR	NOR		
Zach Hocker	8.85770427	31109	K	Zach	Hocker	6	7	4500	ARI@STL	STL	ARI	STL		
Ronnie Hillman	8.760931143	22003	RB	Ronnie	Hillman	9.3	11	6300	DEN@SD	DEN	SDG	SDG	P	Teeth
Greg Zuerlein	8.749893011	22109	K	Greg	Zuerlein	7	10	4500	ARI@STL	STL	ARI	STL	D	Groin
NYJ Defense	8.686928502	12544	DEF	New York	Jets	7.3	11	4600	NYJ@NYG	NYJ	NYG	NYG		
Dan Bailey	8.642014299	14952	K	Dan	Bailey	8.5	11	4600	DAL@WAS	DAL	WAS	WAS		
Brian Hartline	8.609760839	6809	WR	Brian	Hartline	6	10	5100	CIN@CLE	CLE	CIN	CLE		
TB Defense	8.575809195	12551	DEF	Tampa Bay	Buccaneers	8.2	11	4200	ATL@TB	TAM	ATL	TAM		
Brandon LaFell	8.514536586	11495	WR	Brandon	LaFell	7.5	6	6600	PHI@NE	NWE	PHI	NWE		
Brandon Bostick	8.48855709	23055	TE	Brandon	Bostick	0	0	4500	ARI@STL	ARI	STL	STL		
Nick Novak	8.467562967	12090	K	Nick	Novak	5.8	8	4500	HOU@BUF	HOU	BUF	BUF		
SEA Defense	8.448773405	12550	DEF	Seattle	Seahawks	10.5	11	4800	SEA@MIN	SEA	MIN	MIN		
Brandon Bolden	8.438882307	22898	RB	Brandon	Bolden	3.3	10	5400	PHI@NE	NWE	PHI	NWE		
Kai Forbath	8.426825711	15176	K	Kai	Forbath	5.7	6	4600	CAR@NO	NOR	CAR	NOR		
Kamar Aiken	8.424100895	14905	WR	Kamar	Aiken	8.8	11	6100	BAL@MIA	BAL	MIA	MIA		
Duke Johnson	8.422814131	25837	RB	Duke	Johnson	8.8	11	6000	CIN@CLE	CLE	CIN	CLE		
Jason Witten	8.420297856	6641	TE	Jason	Witten	8	11	5600	DAL@WAS	DAL	WAS	WAS		
Jacob Tamme	8.393376345	6664	TE	Jacob	Tamme	8	10	5200	ATL@TB	ATL	TAM	TAM		
CAR Defense	8.328174625	12553	DEF	Carolina	Panthers	11.6	11	4900	CAR@NO	CAR	NOR	NOR		
Jeremy Hill	8.249947804	31397	RB	Jeremy	Hill	9.5	11	6600	CIN@CLE	CIN	CLE	CLE		
Vincent Jackson	8.246171129	7953	WR	Vincent	Jackson	10	8	6300	ATL@TB	TAM	ATL	TAM	P	Knee
Cameron Brate	8.233576743	54782	TE	Cameron	Brate	4.8	9	4900	ATL@TB	TAM	ATL	TAM		
Nate Washington	8.227677321	6610	WR	Nate	Washington	9.4	9	5200	HOU@BUF	HOU	BUF	BUF		
Kyle Rudolph	8.168818879	14237	TE	Kyle	Rudolph	6.9	11	5100	SEA@MIN	MIN	SEA	MIN		
Malcom Floyd	8.131067909	7952	WR	Malcom	Floyd	7.1	10	5400	DEN@SD	SDG	DEN	SDG		
Andre Johnson	8.123569345	6681	WR	Andre	Johnson	5.8	11	5200	IND@PIT	IND	PIT	PIT		
DeVante Parker	8.079708016	33260	WR	DeVante	Parker	2.5	9	5200	BAL@MIA	MIA	BAL	MIA		
Marvin Jones	8.051231761	22103	WR	Marvin	Jones	8.8	11	5200	CIN@CLE	CIN	CLE	CLE		
Phil Dawson	7.965903832	6702	K	Phil	Dawson	6.9	11	4800	SF@CHI	SFO	CHI	CHI		
Melvin Gordon	7.926103308	28900	RB	Melvin	Gordon	6.7	11	5900	DEN@SD	SDG	DEN	SDG		
ATL Defense	7.867469909	12525	DEF	Atlanta	Falcons	6.7	11	4600	ATL@TB	ATL	TAM	TAM		
Mohamed Sanu	7.834950088	22018	WR	Mohamed	Sanu	5	11	5000	CIN@CLE	CIN	CLE	CLE		
Travis Coons	7.768642296	29994	K	Travis	Coons	6.9	11	4600	CIN@CLE	CLE	CIN	CLE		
Josh Lambo	7.748450583	32429	K	Josh	Lambo	8.2	11	4700	DEN@SD	SDG	DEN	SDG		
Dwayne Harris	7.738080813	14358	WR	Dwayne	Harris	7.1	11	5100	NYJ@NYG	NYG	NYJ	NYG		
Jermaine Gresham	7.707426517	11431	TE	Jermaine	Gresham	2.7	11	4500	ARI@STL	ARI	STL	STL		
BUF Defense	7.690607702	12526	DEF	Buffalo	Bills	6.6	11	4500	HOU@BUF	BUF	HOU	BUF		
Charles Clay	7.67844386	14362	TE	Charles	Clay	7.3	11	5100	HOU@BUF	BUF	HOU	BUF		
Chris Boswell	7.589084604	32058	K	Chris	Boswell	9.7	7	4500	IND@PIT	PIT	IND	PIT		
Mike Nugent	7.567135527	6636	K	Mike	Nugent	7.8	11	4900	CIN@CLE	CIN	CLE	CLE		
Tyler Lockett	7.556844181	27050	WR	Tyler	Lockett	7	11	5300	SEA@MIN	SEA	MIN	MIN		
DeAngelo Williams	7.527156584	6732	RB	DeAngelo	Williams	11.5	11	7200	IND@PIT	PIT	IND	PIT		
DeSean Jackson	7.482668512	6739	WR	DeSean	Jackson	7.8	5	6500	DAL@WAS	WAS	DAL	WAS	P	Illness
CIN Defense	7.445430138	12528	DEF	Cincinnati	Bengals	8.5	11	5100	CIN@CLE	CIN	CLE	CLE		
STL Defense	7.441289752	12538	DEF	St Louis	Rams	9	11	4600	ARI@STL	STL	ARI	STL		
TEN Defense	7.389215616	12534	DEF	Tennessee	Titans	6.8	11	4400	JAC@TEN	TEN	JAX	TEN		
Chandler Catanzaro	7.33343437	24569	K	Chandler	Catanzaro	9.5	11	5000	ARI@STL	ARI	STL	STL		
Jason Myers	7.301694658	60745	K	Jason	Myers	8.6	11	4700	JAC@TEN	JAX	TEN	TEN	P	Back
Vance McDonald	7.270217259	32045	TE	Vance	McDonald	4.2	10	4900	SF@CHI	SFO	CHI	CHI		
James White	7.24193212	28930	RB	James	White	3.4	9	5200	PHI@NE	NWE	PHI	NWE		
Pierre Garcon	7.222960302	6774	WR	Pierre	Garcon	8.5	11	5400	DAL@WAS	WAS	DAL	WAS		
Andre Holmes	7.168702356	14761	WR	Andre	Holmes	3.9	11	4900	KC@OAK	OAK	KAN	OAK		
Matt Jones	7.152569399	30244	RB	Matt	Jones	8.5	10	5200	DAL@WAS	WAS	DAL	WAS		
Mike Wallace	7.053800383	6607	WR	Mike	Wallace	4.8	11	4900	SEA@MIN	MIN	SEA	MIN		
MIN Defense	7.027410158	12540	DEF	Minnesota	Vikings	7.9	11	4500	SEA@MIN	MIN	SEA	MIN		
Owen Daniels	6.943683107	6682	TE	Owen	Daniels	6.4	11	5200	DEN@SD	DEN	SDG	SDG	P	Knee
C.J. Anderson	6.870637238	29249	RB	C.J.	Anderson	8.6	11	6800	DEN@SD	DEN	SDG	SDG		
IND Defense	6.757445564	12535	DEF	Indianapolis	Colts	7.2	11	4100	IND@PIT	IND	PIT	PIT		
Jerricho Cotchery	6.656288045	6688	WR	Jerricho	Cotchery	5.6	9	5300	CAR@NO	CAR	NOR	NOR		
Isaiah Crowell	6.63428903	54684	RB	Isaiah	Crowell	6.3	11	5400	CIN@CLE	CLE	CIN	CLE		
Dontrelle Inman	6.63002416	14645	WR	Dontrelle	Inman	4.9	10	5500	DEN@SD	SDG	DEN	SDG		
Alfred Blue	6.526177428	31406	RB	Alfred	Blue	7.1	11	6000	HOU@BUF	HOU	BUF	BUF	P	Back
Robert Woods	6.490679379	29685	WR	Robert	Woods	6	11	5100	HOU@BUF	BUF	HOU	BUF		
Clay Harbor	6.463358386	11543	TE	Clay	Harbor	2.1	10	4500	JAC@TEN	JAX	TEN	TEN		
Josh Huff	6.353532418	29340	WR	Josh	Huff	5	10	4800	PHI@NE	PHI	NWE	NWE	P	Head
Markus Wheaton	6.295118922	29500	WR	Markus	Wheaton	6.7	11	6000	IND@PIT	PIT	IND	PIT		
Riley Cooper	6.28319324	11577	WR	Riley	Cooper	4.2	11	4900	PHI@NE	PHI	NWE	NWE		
Devin Funchess	6.1959487	28080	WR	Devin	Funchess	4.5	11	5600	CAR@NO	CAR	NOR	NOR		
Albert Wilson	6.173186366	48344	WR	Albert	Wilson	4.8	9	4800	KC@OAK	KAN	OAK	OAK		
Corey (Philly) Brown	6.17015142	28486	WR	Corey (Philly)	Brown	5.9	9	4700	CAR@NO	CAR	NOR	NOR	P	Shoulder
SD Defense	6.121804068	12548	DEF	San Diego	Chargers	3.9	11	4000	DEN@SD	SDG	DEN	SDG		
Kenny Stills	6.094819681	27457	WR	Kenny	Stills	5.1	11	4900	BAL@MIA	MIA	BAL	MIA	Q	Ankle
Jeremy Butler	6.09313735	54674	WR	Jeremy	Butler	4.4	3	4700	BAL@MIA	BAL	MIA	MIA		
Charles Sims	6.091211894	31871	RB	Charles	Sims	8.6	11	5200	ATL@TB	TAM	ATL	TAM		
Frank Gore	6.087647795	6840	RB	Frank	Gore	10.6	11	6200	IND@PIT	IND	PIT	PIT		
Torrey Smith	6.080956066	14288	WR	Torrey	Smith	6.3	11	5400	SF@CHI	SFO	CHI	CHI		
Keshawn Martin	6.033665008	22063	WR	Keshawn	Martin	5	4	5100	PHI@NE	NWE	PHI	NWE		
Jamison Crowder	6.026345161	24755	WR	Jamison	Crowder	6.6	11	5300	DAL@WAS	WAS	DAL	WAS		
Gavin Escobar	6.014998193	39411	TE	Gavin	Escobar	1.3	11	4500	DAL@WAS	DAL	WAS	WAS		
Dorial Green-Beckham	5.961883129	27134	WR	Dorial	Green-Beckham	4.2	11	5100	JAC@TEN	TEN	JAX	TEN		
Chris Hogan	5.960081918	14704	WR	Chris	Hogan	5.7	11	4800	HOU@BUF	BUF	HOU	BUF		
Kenbrell Thompkins	5.936082511	33037	WR	Kenbrell	Thompkins	4.8	3	4600	NYJ@NYG	NYJ	NYG	NYG		
Zach Miller	5.874135646	8050	TE	Zach	Miller	4.9	11	5200	SF@CHI	CHI	SFO	CHI	Q	Ribs
Bishop Sankey	5.869569542	29991	RB	Bishop	Sankey	4.2	9	4500	JAC@TEN	TEN	JAX	TEN		
Martellus Bennett	5.841517321	6448	TE	Martellus	Bennett	8.6	10	5200	SF@CHI	CHI	SFO	CHI	P	Ribs
Coby Fleener	5.816084731	21971	TE	Coby	Fleener	6.2	11	4900	IND@PIT	IND	PIT	PIT		
Jamarcus Nelson	5.736181261	34154	WR	Jamarcus	Nelson	5.8	6	5100	ARI@STL	ARI	STL	STL		
Harry Douglas	5.721199413	10030	WR	Harry	Douglas	5	9	5400	JAC@TEN	TEN	JAX	TEN		
Alfred Morris	5.670676347	22113	RB	Alfred	Morris	5.3	11	5600	DAL@WAS	WAS	DAL	WAS		
James Hanna	5.621208803	22123	TE	James	Hanna	0.3	9	4500	DAL@WAS	DAL	WAS	WAS		
Greg Olsen	5.56993078	6914	TE	Greg	Olsen	12.8	11	6600	CAR@NO	CAR	NOR	NOR		
Randy Bullock	5.548416806	22100	K	Randy	Bullock	6.7	6	4700	NYJ@NYG	NYJ	NYG	NYG		
Kenny Britt	5.543584409	6535	WR	Kenny	Britt	5.3	11	5400	ARI@STL	STL	ARI	STL		
Josh Bellamy	5.513095704	22336	WR	Josh	Bellamy	2.4	11	4500	SF@CHI	CHI	SFO	CHI		
Brian Parker	5.385880242	62534	TE	Brian	Parker	0.3	4	4500	KC@OAK	KAN	OAK	OAK		
BAL Defense	5.302326025	12555	DEF	Baltimore	Ravens	7.3	11	4400	BAL@MIA	BAL	MIA	MIA		
Cole Beasley	5.260664264	22288	WR	Cole	Beasley	6.6	11	5200	DAL@WAS	DAL	WAS	WAS		
WAS Defense	5.248161289	12552	DEF	Washington	Redskins	8	11	4400	DAL@WAS	WAS	DAL	WAS		
Roddy White	5.236848424	6618	WR	Roddy	White	4.6	11	5400	ATL@TB	ATL	TAM	TAM		
Derek Carrier	5.147920356	22920	TE	Derek	Carrier	2.5	11	4900	DAL@WAS	WAS	DAL	WAS	Q	Achilles
Heath Miller	5.121823456	6580	TE	Heath	Miller	6	11	5400	IND@PIT	PIT	IND	PIT	Q	Ribs
Vernon Davis	5.115945611	6870	TE	Vernon	Davis	4.3	10	5200	DEN@SD	DEN	SDG	SDG		
Brandon Coleman	5.044199909	26094	WR	Brandon	Coleman	3.2	11	4600	CAR@NO	NOR	CAR	NOR		
Jordan Cameron	5.019843031	14292	TE	Jordan	Cameron	5	11	5000	BAL@MIA	MIA	BAL	MIA		
Blake Bell	5.015996679	27403	TE	Blake	Bell	1.3	9	4500	SF@CHI	SFO	CHI	CHI	P	Finger
Nick Boyle	5.008913326	62510	TE	Nick	Boyle	2.3	10	4500	BAL@MIA	BAL	MIA	MIA		
Quinton Patton	4.9343997	39427	WR	Quinton	Patton	3.8	11	4500	SF@CHI	SFO	CHI	CHI		
JAC Defense	4.931682754	12554	DEF	Jacksonville	Jaguars	6	11	4400	JAC@TEN	JAX	TEN	TEN		
Charcandrick West	4.927582821	54687	RB	Charcandrick	West	8.6	10	6700	KC@OAK	KAN	OAK	OAK	P	Hamstring
Eddie Royal	4.919005992	6768	WR	Eddie	Royal	6	6	4700	SF@CHI	CHI	SFO	CHI	Q	Knee
Clive Walford	4.911498813	25775	TE	Clive	Walford	3.6	11	4700	KC@OAK	OAK	KAN	OAK		
Chris Thompson	4.90565816	24891	RB	Chris	Thompson	6.1	10	4900	DAL@WAS	WAS	DAL	WAS	Q	Shoulder
Brian Leonhardt	4.879765144	39539	TE	Brian	Leonhardt	0	0	4500	SF@CHI	SFO	CHI	CHI		
DAL Defense	4.87955983	12530	DEF	Dallas	Cowboys	5.6	11	4300	DAL@WAS	DAL	WAS	WAS		
SF Defense	4.859453309	12549	DEF	San Francisco	49ers	4	11	4000	SF@CHI	SFO	CHI	CHI		
PIT Defense	4.858200311	12547	DEF	Pittsburgh	Steelers	7.7	11	4500	IND@PIT	PIT	IND	PIT		
Darrius Heyward-Bey	4.841461871	7784	WR	Darrius	Heyward-Bey	3.8	11	4700	IND@PIT	PIT	IND	PIT		
Virgil Green	4.769993636	14394	TE	Virgil	Green	2.1	11	4500	DEN@SD	DEN	SDG	SDG	P	Finger
Brent Celek	4.708595715	6742	TE	Brent	Celek	5.2	11	5600	PHI@NE	PHI	NWE	NWE		
PHI Defense	4.693767979	12545	DEF	Philadelphia	Eagles	8	11	4500	PHI@NE	PHI	NWE	NWE		
Chris Polk	4.631756552	22234	RB	Chris	Polk	4	10	4800	HOU@BUF	HOU	BUF	BUF		
Jonathan Grimes	4.631756552	22991	RB	Jonathan	Grimes	4	9	4900	HOU@BUF	HOU	BUF	BUF		
Adam Vinatieri	4.54750083	6668	K	Adam	Vinatieri	7.8	11	4700	IND@PIT	IND	PIT	PIT		
Jay Ajayi	4.502492162	46882	RB	Jay	Ajayi	5.3	4	4900	BAL@MIA	MIA	BAL	MIA	P	Shoulder
Benny Cunningham	4.470136801	39649	RB	Benny	Cunningham	3.4	11	4600	ARI@STL	STL	ARI	STL		
Tre Mason	4.470136801	31261	RB	Tre	Mason	3.1	8	4900	ARI@STL	STL	ARI	STL		
Russell Shepard	4.455897979	31329	WR	Russell	Shepard	1	8	4500	ATL@TB	TAM	ATL	TAM		
Andrew Franks	4.442717895	62619	K	Andrew	Franks	5	11	4600	BAL@MIA	MIA	BAL	MIA		
Ryan Succop	4.42358402	6767	K	Ryan	Succop	5.6	11	4500	JAC@TEN	TEN	JAX	TEN		
Ryan Griffin	4.414416243	34073	TE	Ryan	Griffin	6.1	4	4900	HOU@BUF	HOU	BUF	BUF		
Javorius Allen	4.413098591	29645	RB	Javorius	Allen	5.3	11	6800	BAL@MIA	BAL	MIA	MIA		
Bryan Walters	4.394469725	11890	WR	Bryan	Walters	5.6	10	4900	JAC@TEN	JAX	TEN	TEN	Q	Back
Rashad Greene	4.394469725	24862	WR	Rashad	Greene	4.5	4	4700	JAC@TEN	JAX	TEN	TEN		
Darren Sproles	4.386344457	7972	RB	Darren	Sproles	7.1	11	4900	PHI@NE	PHI	NWE	NWE		
James Casey	4.316766228	6951	TE	James	Casey	0	3	4500	DEN@SD	DEN	SDG	SDG		
Adam Thielen	4.205713589	39716	WR	Adam	Thielen	1.6	11	4500	SEA@MIN	MIN	SEA	MIN		
Miles Austin	4.14233482	6387	WR	Miles	Austin	3.2	11	4500	PHI@NE	PHI	NWE	NWE		
Cody Latimer	4.135748913	27771	WR	Cody	Latimer	1.5	10	4800	DEN@SD	DEN	SDG	SDG	P	Not injury related
Jake Stoneburner	4.106389393	28562	TE	Jake	Stoneburner	3.2	6	4500	BAL@MIA	MIA	BAL	MIA		
Marcel Reece	4.06801469	10354	RB	Marcel	Reece	4.8	11	5000	KC@OAK	OAK	KAN	OAK		
Zach Ertz	4.065524126	29780	TE	Zach	Ertz	5.8	10	5000	PHI@NE	PHI	NWE	NWE	P	Concussion
Jesse James	4.033327722	28694	TE	Jesse	James	4.1	3	4600	IND@PIT	PIT	IND	PIT		
Nelson Agholor	4.019079791	29683	WR	Nelson	Agholor	2.8	8	4700	PHI@NE	PHI	NWE	NWE	P	Hip
Marcedes Lewis	4.008492304	6672	TE	Marcedes	Lewis	1.6	11	4500	JAC@TEN	JAX	TEN	TEN	P	Ankle
Levine Toilolo	3.9750141	29725	TE	Levine	Toilolo	0.8	11	4500	ATL@TB	ATL	TAM	TAM		
Chris Conley	3.954323941	30403	WR	Chris	Conley	2.8	11	4900	KC@OAK	KAN	OAK	OAK	P	Hand
Tevin Coleman	3.94204494	27776	RB	Tevin	Coleman	4	9	6400	ATL@TB	ATL	TAM	TAM		
Jarius Wright	3.930702941	22054	WR	Jarius	Wright	3.5	11	4900	SEA@MIN	MIN	SEA	MIN		
Adam Humphries	3.910769311	24671	WR	Adam	Humphries	3.4	8	4800	ATL@TB	TAM	ATL	TAM		
Tyler Eifert	3.874362447	33557	TE	Tyler	Eifert	13.4	11	6400	CIN@CLE	CIN	CLE	CLE	D	Neck
Justin Hardy	3.86683935	33137	WR	Justin	Hardy	2.8	4	4500	ATL@TB	ATL	TAM	TAM		
Dwayne Allen	3.855382063	22004	TE	Dwayne	Allen	2.5	9	4600	IND@PIT	IND	PIT	PIT		
Anthony Fasano	3.842759758	6778	TE	Anthony	Fasano	4.3	11	4500	JAC@TEN	TEN	JAX	TEN	P	Shoulder
Tyler Kroft	3.839064798	26038	TE	Tyler	Kroft	0.1	11	4500	CIN@CLE	CIN	CLE	CLE		
C.J. Spiller	3.834032318	11419	RB	C.J.	Spiller	5.8	10	5100	CAR@NO	NOR	CAR	NOR		
Chris Givens	3.799160277	22034	WR	Chris	Givens	3.7	10	4500	BAL@MIA	BAL	MIA	MIA		
Will Tye	3.775159009	24847	TE	Will	Tye	3.9	8	4900	NYJ@NYG	NYG	NYJ	NYG		
Dion Sims	3.753415363	28144	TE	Dion	Sims	2	8	4600	BAL@MIA	MIA	BAL	MIA	P	Neck
Jack Doyle	3.751955579	39859	TE	Jack	Doyle	1.5	11	4500	IND@PIT	IND	PIT	PIT		
Brice Butler	3.658433874	39445	WR	Brice	Butler	3.1	4	4900	DAL@WAS	DAL	WAS	WAS		
Denard Robinson	3.653896148	28088	RB	Denard	Robinson	2.3	8	5100	JAC@TEN	JAX	TEN	TEN		
Craig Stevens	3.647239239	6597	TE	Craig	Stevens	1.8	11	4500	JAC@TEN	TEN	JAX	TEN		
Matt Asiata	3.640418651	14757	RB	Matt	Asiata	2.2	11	4500	SEA@MIN	MIN	SEA	MIN		
Robert Turbin	3.596363248	22048	RB	Robert	Turbin	2.8	5	4900	DAL@WAS	DAL	WAS	WAS		
Phillip Supernaw	3.590804547	23003	TE	Phillip	Supernaw	0.1	11	4500	JAC@TEN	TEN	JAX	TEN		
Jeremy Kerley	3.589475667	14349	WR	Jeremy	Kerley	3.2	11	4500	NYJ@NYG	NYJ	NYG	NYG		
John Phillips	3.582348816	6823	TE	John	Phillips	1.4	11	4500	DEN@SD	SDG	DEN	SDG		
Quincy Enunwa	3.582059276	27266	WR	Quincy	Enunwa	2.9	7	4800	NYJ@NYG	NYJ	NYG	NYG		
Jared Cook	3.575561111	7761	TE	Jared	Cook	4.8	11	4700	ARI@STL	STL	ARI	STL		
Bilal Powell	3.530523698	14320	RB	Bilal	Powell	6.5	7	5100	NYJ@NYG	NYJ	NYG	NYG		
Wes Welker	3.505819522	7857	WR	Wes	Welker	3.1	3	4900	ARI@STL	STL	ARI	STL		
Greg Jennings	3.45392796	6896	WR	Greg	Jennings	2.2	11	4700	BAL@MIA	MIA	BAL	MIA		
Ed Dickson	3.406902844	11488	TE	Ed	Dickson	2.4	11	4800	CAR@NO	CAR	NOR	NOR		
Fred Jackson	3.406629095	7660	RB	Fred	Jackson	3.5	11	4800	SEA@MIN	SEA	MIN	MIN		
Orleans Darkwa	3.393301687	33691	RB	Orleans	Darkwa	1.6	11	4800	NYJ@NYG	NYG	NYJ	NYG		
Kyle Juszczyk	3.36461589	39428	RB	Kyle	Juszczyk	4.4	11	4500	BAL@MIA	BAL	MIA	MIA		
Khari Lee	3.34393316	62617	TE	Khari	Lee	0.1	11	4500	SF@CHI	CHI	SFO	CHI		
Shaun Draughn	3.335992117	15006	RB	Shaun	Draughn	4.6	8	5900	SF@CHI	SFO	CHI	CHI		
Ryan Grant	3.313649804	33703	WR	Ryan	Grant	3.3	11	4600	DAL@WAS	WAS	DAL	WAS		
David Johnson	3.2737897	62497	RB	David	Johnson	8.5	11	5900	ARI@STL	ARI	STL	STL		
David Johnson	3.2737897	6567	TE	David	Johnson	0	11	4500	DEN@SD	SDG	DEN	SDG		
Nick Williams	3.268829071	34071	WR	Nick	Williams	2.6	9	4500	ATL@TB	ATL	TAM	TAM		
Jonas Gray	3.24335262	22774	RB	Jonas	Gray	3.7	6	4700	BAL@MIA	MIA	BAL	MIA		
Jeff Cumberland	3.240738398	11766	TE	Jeff	Cumberland	1	10	4500	NYJ@NYG	NYJ	NYG	NYG		
Scott Chandler	3.232766673	10158	TE	Scott	Chandler	4.3	11	5300	PHI@NE	NWE	PHI	NWE	P	Knee
Andre Roberts	3.169427645	11504	WR	Andre	Roberts	2.8	9	4700	DAL@WAS	WAS	DAL	WAS	Q	Knee
Jerome Simpson	3.161655626	7703	WR	Jerome	Simpson	1.6	3	4700	SF@CHI	SFO	CHI	CHI		
Kellen Davis	3.097953824	7001	TE	Kellen	Davis	0.6	11	4500	NYJ@NYG	NYJ	NYG	NYG		
Shayne Graham	3.088640312	6815	K	Shayne	Graham	4	1	4800	ATL@TB	ATL	TAM	TAM		
Andre Williams	3.080333042	25694	RB	Andre	Williams	2.5	11	4600	NYJ@NYG	NYG	NYJ	NYG		
C.J. Fiedorowicz	3.080207859	27908	TE	C.J.	Fiedorowicz	2.2	11	4500	HOU@BUF	HOU	BUF	BUF		
Brandon Myers	3.011133004	7801	TE	Brandon	Myers	1.7	11	4600	ATL@TB	TAM	ATL	TAM		
Mike Tolbert	3.00796966	7975	RB	Mike	Tolbert	4.2	11	4900	CAR@NO	CAR	NOR	NOR		
Jerick McKinnon	2.996403908	54608	RB	Jerick	McKinnon	2	11	4600	SEA@MIN	MIN	SEA	MIN		
Griff Whalen	2.991236959	22447	WR	Griff	Whalen	2.7	11	4500	IND@PIT	IND	PIT	PIT		
Devin Smith	2.966070277	28502	WR	Devin	Smith	2.5	8	4900	NYJ@NYG	NYJ	NYG	NYG		
MIA Defense	2.956244748	12539	DEF	Miami	Dolphins	5.9	11	4500	BAL@MIA	MIA	BAL	MIA		
Donteea Dye	2.955935026	62680	WR	Donteea	Dye	2.1	5	4500	ATL@TB	TAM	ATL	TAM		
CLE Defense	2.932345734	12529	DEF	Cleveland	Browns	6.1	11	4000	CIN@CLE	CLE	CIN	CLE		
Chris Gragg	2.932311783	31188	TE	Chris	Gragg	1.8	8	4500	HOU@BUF	BUF	HOU	BUF		
Luke Stocker	2.911427696	14304	TE	Luke	Stocker	0.4	9	4500	ATL@TB	TAM	ATL	TAM	Q	Back
Keith Mumphery	2.881860659	28131	WR	Keith	Mumphery	1.8	11	4500	HOU@BUF	HOU	BUF	BUF		
Bennie Fowler	2.860338715	28157	WR	Bennie	Fowler	2.2	11	4600	DEN@SD	DEN	SDG	SDG	Q	Ankle
Andre Caldwell	2.860338715	6753	WR	Andre	Caldwell	2.2	11	4500	DEN@SD	DEN	SDG	SDG		
Mychal Rivera	2.803300635	30807	TE	Mychal	Rivera	2.7	11	4600	KC@OAK	OAK	KAN	OAK		
Jaron Brown	2.798148093	24589	WR	Jaron	Brown	2.1	11	4500	ARI@STL	ARI	STL	STL		
Javontee Herndon	2.790734741	31093	WR	Javontee	Herndon	2	3	4500	DEN@SD	SDG	DEN	SDG		
Charles Johnson	2.747851765	39449	WR	Charles	Johnson	1.9	9	4600	SEA@MIN	MIN	SEA	MIN		
Lance Kendricks	2.726173771	14240	TE	Lance	Kendricks	3.9	10	4800	ARI@STL	STL	ARI	STL		
Garrett Graham	2.716979429	11538	TE	Garrett	Graham	1.4	8	4500	HOU@BUF	HOU	BUF	BUF		
Luke Willson	2.696025048	32000	TE	Luke	Willson	2.7	10	4800	SEA@MIN	SEA	MIN	MIN		
Devin Street	2.60545921	25886	WR	Devin	Street	1.5	11	4900	DAL@WAS	DAL	WAS	WAS		
Jordan Norwood	2.604793733	10531	WR	Jordan	Norwood	2.1	7	4500	DEN@SD	DEN	SDG	SDG		
David Cobb	2.601933721	28249	RB	David	Cobb	0.3	2	4800	JAC@TEN	TEN	JAX	TEN		
Marlon Brown	2.590929923	30385	WR	Marlon	Brown	1.8	10	4500	BAL@MIA	BAL	MIA	MIA	D	Back
Taiwan Jones	2.590393702	14319	RB	Taiwan	Jones	3	8	4500	KC@OAK	OAK	KAN	OAK	D	Knee
Roy Helu	2.590393702	14305	RB	Roy	Helu	2.3	7	4800	KC@OAK	OAK	KAN	OAK		
Jamize Olawale	2.590393702	23046	RB	Jamize	Olawale	2.9	9	4600	KC@OAK	OAK	KAN	OAK		
Trey Burton	2.572281288	30297	TE	Trey	Burton	0.5	11	4600	PHI@NE	PHI	NWE	NWE		
Terron Ward	2.550800283	29540	RB	Terron	Ward	2.4	11	4500	ATL@TB	ATL	TAM	TAM		
Patrick DiMarco	2.550800283	14683	RB	Patrick	DiMarco	2.1	11	4500	ATL@TB	ATL	TAM	TAM		
Rashad Ross	2.497698445	29084	WR	Rashad	Ross	2.1	8	4800	DAL@WAS	WAS	DAL	WAS		
Lee Smith	2.43326099	14348	TE	Lee	Smith	1	10	4500	KC@OAK	OAK	KAN	OAK		
Henry Hynoski	2.366036255	15032	RB	Henry	Hynoski	0	0	4500	NYJ@NYG	NYG	NYJ	NYG		
Anthony Dixon	2.268887342	11594	RB	Anthony	Dixon	1.4	11	4600	HOU@BUF	BUF	HOU	BUF		
Matthew Mulligan	2.267254698	7918	TE	Matthew	Mulligan	0.1	11	4500	HOU@BUF	BUF	HOU	BUF		
Storm Johnson	2.247868439	34275	RB	Storm	Johnson	0	0	4500	JAC@TEN	JAX	TEN	TEN		
Bernard Pierce	2.247868439	22029	RB	Bernard	Pierce	0.5	7	4500	JAC@TEN	JAX	TEN	TEN	Q	Calf
Stepfan Taylor	2.166324796	29723	RB	Stepfan	Taylor	0.2	11	4500	ARI@STL	ARI	STL	STL		
Michael Hoomanawanui	2.148162918	11556	TE	Michael	Hoomanawanui	2	9	4500	CAR@NO	NOR	CAR	NOR		
Trey Williams	2.109463561	32410	RB	Trey	Williams	0	0	4500	PHI@NE	NWE	PHI	NWE		
Donald Brown	2.106950717	6660	RB	Donald	Brown	0.3	5	4500	DEN@SD	SDG	DEN	SDG		
Rhett Ellison	2.09564484	22065	TE	Rhett	Ellison	1.9	10	4500	SEA@MIN	MIN	SEA	MIN		
Rod Streater	2.09358583	22938	WR	Rod	Streater	1.3	1	4500	KC@OAK	OAK	KAN	OAK		
Jeremy Ross	2.09358583	14837	WR	Jeremy	Ross	1.3	6	4500	KC@OAK	OAK	KAN	OAK		
Foswhitt Whittaker	2.083400143	37245	RB	Foswhitt	Whittaker	1	11	4500	CAR@NO	CAR	NOR	NOR		
Tim Hightower	2.064669662	6828	RB	Tim	Hightower	1.5	3	4500	CAR@NO	NOR	CAR	NOR		
Kevin Smith	2.028125071	30012	WR	Kevin	Smith	1.3	2	4500	SEA@MIN	SEA	MIN	MIN		
CHI Defense	2.014323765	12527	DEF	Chicago	Bears	5.5	11	4400	SF@CHI	CHI	SFO	CHI		
Josh Hill	2.013456422	39492	TE	Josh	Hill	2.3	11	4700	CAR@NO	NOR	CAR	NOR		
Kris Durham	1.984479485	14302	WR	Kris	Durham	0	0	4500	KC@OAK	OAK	KAN	OAK		
Trindon Holliday	1.984479485	11622	WR	Trindon	Holliday	0	0	4500	KC@OAK	OAK	KAN	OAK		
Dwayne Bowe	1.898950119	6488	WR	Dwayne	Bowe	0.9	5	4700	CIN@CLE	CLE	CIN	CLE		
Cameron Artis-Payne	1.81454999	38269	RB	Cameron	Artis-Payne	0.8	4	4500	CAR@NO	CAR	NOR	NOR		
Tommy Streeter	1.776493832	22144	WR	Tommy	Streeter	0	0	4500	BAL@MIA	MIA	BAL	MIA		
Ka'Deem Carey	1.763676058	29003	RB	Ka'Deem	Carey	1.6	6	4700	SF@CHI	CHI	SFO	CHI	P	Concussion
Bruce Ellington	1.761333547	30709	WR	Bruce	Ellington	1	8	4500	SF@CHI	SFO	CHI	CHI	P	Wrist
Kenjon Barner	1.748762057	29357	RB	Kenjon	Barner	1.5	5	4900	PHI@NE	PHI	NWE	NWE		
Damien Williams	1.713735103	27441	RB	Damien	Williams	1.6	11	4900	BAL@MIA	MIA	BAL	MIA		
Marqise Lee	1.673904805	29593	WR	Marqise	Lee	2	5	4600	JAC@TEN	JAX	TEN	TEN		
Jason Avant	1.671771459	6388	WR	Jason	Avant	1.3	11	4500	KC@OAK	KAN	OAK	OAK		
MyCole Pruitt	1.661111643	62505	TE	MyCole	Pruitt	0.8	11	4500	SEA@MIN	MIN	SEA	MIN		
Junior Hemingway	1.562665114	22177	WR	Junior	Hemingway	0	0	4500	KC@OAK	KAN	OAK	OAK		
Frankie Hammond	1.562665114	30249	WR	Frankie	Hammond	0	4	4500	KC@OAK	KAN	OAK	OAK		
Chandler Worthy	1.550690407	47720	WR	Chandler	Worthy	1	3	4500	HOU@BUF	HOU	BUF	BUF		
Christine Michael	1.52480903	32418	RB	Christine	Michael	1.2	5	5100	DAL@WAS	WAS	DAL	WAS		
Seyi Ajirotutu	1.501434007	11870	WR	Seyi	Ajirotutu	0.1	10	4500	PHI@NE	PHI	NWE	NWE	P	Calf
Marc Mariani	1.501258737	11635	WR	Marc	Mariani	0.9	11	4700	SF@CHI	CHI	SFO	CHI		
Chris Harper	1.484041167	29237	WR	Chris	Harper	-0.7	3	4500	PHI@NE	NWE	PHI	NWE		
Matthew Slater	1.484041167	7856	WR	Matthew	Slater	0	11	4500	PHI@NE	NWE	PHI	NWE		
John Conner	1.472166116	11557	RB	John	Conner	0	0	4500	HOU@BUF	BUF	HOU	BUF		
Bradley Marquez	1.466295255	32632	WR	Bradley	Marquez	0.7	11	4500	ARI@STL	STL	ARI	STL		
Brian Quick	1.463056948	21972	WR	Brian	Quick	1.1	8	4500	ARI@STL	STL	ARI	STL		
Justice Cunningham	1.445884249	30667	TE	Justice	Cunningham	0	2	4500	ARI@STL	STL	ARI	STL		
Eric Weems	1.43821741	6622	WR	Eric	Weems	0.1	11	4500	ATL@TB	ATL	TAM	TAM		
Terrance West	1.339305717	54607	RB	Terrance	West	1.6	3	4800	BAL@MIA	BAL	MIA	MIA		
Cordarrelle Patterson	1.335434787	30733	WR	Cordarrelle	Patterson	0.9	11	4500	SEA@MIN	MIN	SEA	MIN		
Tyrell Williams	1.332988036	62535	WR	Tyrell	Williams	0	3	4500	DEN@SD	SDG	DEN	SDG		
Jalen Saunders	1.31958251	27445	WR	Jalen	Saunders	0	0	4500	SF@CHI	CHI	SFO	CHI		
Cory Harkey	1.309169802	22849	TE	Cory	Harkey	0.2	11	4500	ARI@STL	STL	ARI	STL		
Kendall Gaskins	1.307553946	39512	RB	Kendall	Gaskins	1.3	4	5000	SF@CHI	SFO	CHI	CHI		
Bruce Miller	1.307553946	14406	RB	Bruce	Miller	1.4	11	4500	SF@CHI	SFO	CHI	CHI		
Vincent Brown	1.274686257	14277	WR	Vincent	Brown	0	0	4500	IND@PIT	IND	PIT	PIT		
Arthur Williams	1.218213369	64160	WR	Arthur	Williams	0	0	4500	NYJ@NYG	NYJ	NYG	NYG		
Knile Davis	1.213654684	31073	RB	Knile	Davis	1.6	9	4500	KC@OAK	KAN	OAK	OAK		
Sammie Coates	1.210186917	31241	WR	Sammie	Coates	0.3	6	4500	IND@PIT	PIT	IND	PIT		
Jim Dray	1.189290402	11648	TE	Jim	Dray	0.6	11	4500	CIN@CLE	CLE	CIN	CLE		
Rob Housler	1.189290402	14274	TE	Rob	Housler	0.2	6	4500	CIN@CLE	CLE	CIN	CLE		
E.J. Bibbs	1.189290402	39678	TE	E.J.	Bibbs	0	2	4500	CIN@CLE	CLE	CIN	CLE		
Lucky Whitehead	1.182103074	47953	WR	Lucky	Whitehead	0.7	10	4500	DAL@WAS	DAL	WAS	WAS		
Marcus Easley	1.171560019	11522	WR	Marcus	Easley	1.4	9	4500	HOU@BUF	BUF	HOU	BUF	P	Concussion
Erik Lorig	1.150748485	11671	RB	Erik	Lorig	0	0	4500	CAR@NO	NOR	CAR	NOR		
Marcus Murphy	1.150748485	27199	RB	Marcus	Murphy	0.4	11	4500	CAR@NO	NOR	CAR	NOR		
Rico Richardson	1.147820823	39652	WR	Rico	Richardson	0	5	4500	JAC@TEN	TEN	JAX	TEN		
Denarius Moore	1.134234658	14338	WR	Denarius	Moore	-0.3	6	4500	HOU@BUF	BUF	HOU	BUF		
Dri Archer	1.126481665	44952	RB	Dri	Archer	0	8	4500	IND@PIT	PIT	IND	PIT		
Jordan Todman	1.126481665	14369	RB	Jordan	Todman	0.2	11	4700	IND@PIT	PIT	IND	PIT		
Isaiah Pead	1.126481665	21984	RB	Isaiah	Pead	-0.8	2	4500	IND@PIT	PIT	IND	PIT		
Solomon Patton	1.094997653	30259	WR	Solomon	Patton	0	0	4500	DEN@SD	DEN	SDG	SDG		
Aldrick Robinson	1.081133842	14372	WR	Aldrick	Robinson	0	0	4500	BAL@MIA	BAL	MIA	MIA		
Joseph Morgan	1.081133842	14815	WR	Joseph	Morgan	0	2	4500	BAL@MIA	BAL	MIA	MIA		
Chris Matthews	1.081133842	15121	WR	Chris	Matthews	0.8	9	4500	BAL@MIA	BAL	MIA	MIA		
Antone Smith	1.058676996	10046	RB	Antone	Smith	0.2	5	4600	SF@CHI	CHI	SFO	CHI		
Darrel Young	1.038119792	10695	RB	Darrel	Young	0.3	11	4500	DAL@WAS	WAS	DAL	WAS		
Mike James	1.008683944	25783	RB	Mike	James	0	0	4500	ATL@TB	TAM	ATL	TAM		
Bobby Rainey	1.008683944	22958	RB	Bobby	Rainey	0.4	11	4600	ATL@TB	TAM	ATL	TAM		
Rod Smith	0.991270384	28545	RB	Rod	Smith	0.3	6	4500	DAL@WAS	DAL	WAS	WAS		
Tommy Bohanon	0.801919254	25654	RB	Tommy	Bohanon	0.6	11	4500	NYJ@NYG	NYJ	NYG	NYG		
Geremy Davis	0.797897776	34125	WR	Geremy	Davis	0.3	10	4500	NYJ@NYG	NYG	NYJ	NYG		
Kevin Ogletree	0.797897776	7722	WR	Kevin	Ogletree	0	0	4500	NYJ@NYG	NYG	NYJ	NYG		
Hakeem Nicks	0.797897776	6884	WR	Hakeem	Nicks	0.9	1	4500	NYJ@NYG	NYG	NYJ	NYG		
Derrick Coleman	0.770824945	22800	RB	Derrick	Coleman	0.1	9	4500	SEA@MIN	SEA	MIN	MIN		
Rex Burkhead	0.760969599	27338	RB	Rex	Burkhead	0.9	11	4500	CIN@CLE	CIN	CLE	CLE		
Jeremy Stewart	0.71092226	22235	RB	Jeremy	Stewart	0	0	4500	DEN@SD	DEN	SDG	SDG		
Juwan Thompson	0.71092226	24797	RB	Juwan	Thompson	0.3	10	4900	DEN@SD	DEN	SDG	SDG		
Brandon Tate	0.669574255	9442	WR	Brandon	Tate	1.2	11	4700	CIN@CLE	CIN	CLE	CLE		
Travaris Cadet	0.663272721	22258	RB	Travaris	Cadet	0.4	2	4500	SF@CHI	SFO	CHI	CHI		
Raheem Mostert	0.634306655	28744	RB	Raheem	Mostert	0	6	4500	BAL@MIA	BAL	MIA	MIA		
Greg Little	0.632248894	14253	WR	Greg	Little	0	0	4500	CIN@CLE	CIN	CLE	CLE		
Dan Herron	0.532227129	22130	RB	Dan	Herron	1.4	5	4800	IND@PIT	IND	PIT	PIT		
Stevan Ridley	0.513241858	14268	RB	Stevan	Ridley	0	3	4700	NYJ@NYG	NYJ	NYG	NYG		
Terrell Watson	0.260539699	64104	RB	Terrell	Watson	0	0	4500	CIN@CLE	CIN	CLE	CLE		
Cedric Peerman	0.260539699	7718	RB	Cedric	Peerman	0	11	4500	CIN@CLE	CIN	CLE	CLE		
Mark Weisman	0.260539699	27878	RB	Mark	Weisman	0	0	4500	CIN@CLE	CIN	CLE	CLE		
Ace Sanders	0.14369199	30591	WR	Ace	Sanders	0	0	4500	JAC@TEN	JAX	TEN	TEN		
